YEAR,MO,DY,PS,QV2M,PRECTOTCORR,T2M,CLRSKY_SFC_SW_DWN,ALLSKY_SFC_SW_DWN
2017,1,1,101.52,10.01,0,19.86,3.78,3.4
2017,1,2,101.52,10.38,1.15,19.46,3.5,3.42
2017,1,3,101.46,10.62,1.21,18.78,3.42,3.32
2017,1,4,101.37,9.77,0,18.25,3.72,3.66
2017,1,5,101.36,8.67,0,17.42,4.1,4.09
2017,1,6,101.32,7.57,0,17.2,4.25,4.14
2017,1,7,101.17,7.08,0,17.65,4.23,4.06
2017,1,8,101.16,7.75,0,18.99,4.24,4.21
2017,1,9,101.16,8.79,0,19.35,3.91,3.86
2017,1,10,101.17,9.4,0.02,19.01,3.55,3.25
2017,1,11,101.27,9.64,0,17.85,3.65,3.56
2017,1,12,101.31,7.75,0,16.76,3.73,3.59
2017,1,13,101.45,6.65,0,15.12,3.8,3.68
2017,1,14,101.57,5.86,0,14.01,4.16,4.08
2017,1,15,101.62,5.49,0,13.2,4.37,4.28
2017,1,16,101.48,5.92,0,14.87,4.39,4.33
2017,1,17,101.5,7.26,0,17.3,4.28,4.2
2017,1,18,101.72,7.81,0,18.39,3.96,3.93
2017,1,19,101.71,7.32,0,17.33,4.57,4.49
2017,1,20,101.71,7.87,0,17.76,4.66,4.45
2017,1,21,101.74,7.08,0,17.32,4.7,4.66
2017,1,22,101.77,6.1,0,16.94,4.76,4.72
2017,1,23,101.68,7.63,0,17.71,4.45,4.37
2017,1,24,101.69,8.06,0,18.84,4.25,4.19
2017,1,25,101.74,8,0,19.05,4.52,4.46
2017,1,26,101.62,8.48,0,19.73,4.78,4.74
2017,1,27,101.47,9.28,0.01,20.8,4.58,1.95
2017,1,28,101.39,9.77,0.01,19.87,4.25,4.02
2017,1,29,101.56,7.57,0,18.54,4.68,4.62
2017,1,30,101.43,8.18,0,19.31,4.78,4.73
2017,1,31,101.35,9.03,0,19.89,4.31,4.1
2017,2,1,101.5,8.24,0,20,4.06,3.78
2017,2,2,101.68,7.87,0,19.43,3.97,3.57
2017,2,3,101.6,7.45,0,18.59,4.15,4.14
2017,2,4,101.44,7.26,0,18.93,4.48,4.27
2017,2,5,101.29,8.06,0,20.33,5.12,5.09
2017,2,6,101.14,8.54,0,21.34,5.01,4.95
2017,2,7,101.18,9.03,0,21.57,4.7,4.63
2017,2,8,101.32,7.02,0,21.06,5.07,5.04
2017,2,9,101.24,6.53,0,20.42,5.2,5.14
2017,2,10,101.2,7.87,0,21.57,4.71,4.49
2017,2,11,101.45,8.06,0,21.97,4.18,3.98
2017,2,12,101.62,8.36,0,22.69,4.12,4.05
2017,2,13,101.76,9.09,0,23.05,4.09,3.79
2017,2,14,101.84,9.77,0,23.52,4.05,3.94
2017,2,15,101.79,9.16,0,23.45,4.22,4.08
2017,2,16,101.6,7.45,0,22.64,4.57,4.52
2017,2,17,101.49,9.03,0,22.96,4.59,4.37
2017,2,18,101.5,10.74,0,23.81,4.3,4
2017,2,19,101.26,12.63,0,24.27,4.06,3.47
2017,2,20,100.82,13.12,0,24.91,4.24,3.74
2017,2,21,100.76,13.79,0,25.87,4.96,4.92
2017,2,22,100.87,14.77,0,26.53,5.13,4.85
2017,2,23,101.07,11.23,0.1,26.96,4.56,4.39
2017,2,24,101.3,6.96,0,24.55,5.72,5.67
2017,2,25,101.29,5.25,0,22.99,6.08,5.93
2017,2,26,101.07,7.39,0,23.1,6.03,5.95
2017,2,27,101.25,8.79,0,23.83,5.85,5.7
2017,2,28,101.28,8.12,0,24.29,5.69,5.65
2017,3,1,101.18,8,0,24.37,5.85,5.68
2017,3,2,101,10.8,0,25.82,5.76,5.65
2017,3,3,100.72,10.8,0,26.87,5.69,5.64
2017,3,4,100.72,11.41,0,26.56,5.3,5.12
2017,3,5,100.66,14.53,0.98,26.99,4.71,3.99
2017,3,6,100.76,11.05,1.13,27.47,4.8,4.46
2017,3,7,100.85,6.53,0.01,26.48,5.01,4.85
2017,3,8,100.8,12.57,7.38,24.64,3.98,1.33
2017,3,9,100.63,13.98,1.88,25.9,5.07,3.14
2017,3,10,100.55,14.89,10.08,27.3,4.78,3.91
2017,3,11,100.6,17.09,32.5,26.76,5.25,3.93
2017,3,12,100.88,11.72,2.28,24.92,5.21,5.2
2017,3,13,101.23,6.96,0,23.51,5.87,5.68
2017,3,14,101.31,7.26,0,23.44,6.18,6.11
2017,3,15,101.23,6.96,0,23.53,6.12,6.02
2017,3,16,101.04,7.45,0,23.69,6.08,6.03
2017,3,17,100.85,10.44,0,24.7,6.18,5.97
2017,3,18,100.82,12.21,0.05,26.67,5.45,5.12
2017,3,19,101.01,12.51,1.83,26.69,5.76,5.41
2017,3,20,101.09,10.56,7.78,24.08,5.35,4.22
2017,3,21,101.24,10.38,0,25.24,6.03,5.84
2017,3,22,101.06,12.27,0.02,25.48,6.31,5.6
2017,3,23,100.88,14.04,0,27,6.27,6.19
2017,3,24,100.83,14.4,0,28.14,6.16,5.66
2017,3,25,100.87,15.32,0,28.68,5.88,5.73
2017,3,26,100.95,16.05,0.07,28.92,5.25,4.15
2017,3,27,100.92,15.44,0.01,29.37,6.29,5.87
2017,3,28,100.79,16.36,0.01,29.75,6.26,5.41
2017,3,29,100.66,16.3,0,29.98,6.12,5.63
2017,3,30,100.68,17.33,0.01,29.97,6.54,6.35
2017,3,31,100.81,17.33,0,30.2,6.54,6.12
2017,4,1,100.66,17.52,0,29.76,6.24,5.84
2017,4,2,100.48,17.64,0.01,30.26,5.79,5.12
2017,4,3,100.54,17.15,0.15,31.04,5.87,5.46
2017,4,4,100.64,17.09,0.34,30.41,5.94,5.25
2017,4,5,100.63,17.58,0.16,29.99,5.93,4.42
2017,4,6,100.65,17.46,0.19,30.26,5.63,3.21
2017,4,7,100.65,17.76,0.18,30.98,5.76,4.22
2017,4,8,100.64,17.88,1.06,30.98,5.79,4.42
2017,4,9,100.62,16.72,1.72,31.8,5.5,4.7
2017,4,10,100.57,15.62,0.07,31.23,5.71,5.52
2017,4,11,100.59,10.99,0,30.98,6.71,6.65
2017,4,12,100.65,12.51,0,29.89,7.03,6.82
2017,4,13,100.74,13.61,0,29.8,6.77,6.62
2017,4,14,100.72,13.73,0,29.54,6.65,6.55
2017,4,15,100.53,15.32,0,29.33,6.55,6.4
2017,4,16,100.49,15.01,0.03,31.02,6.84,5.97
2017,4,17,100.62,13.98,0.05,31.29,7.05,6.75
2017,4,18,100.61,16.6,0.01,30.86,6.67,6
2017,4,19,100.43,18.01,2.13,31.15,6.04,4.78
2017,4,20,100.34,18.37,1.62,30.8,5.87,4.82
2017,4,21,100.32,18.68,1.11,31.5,6.19,5.53
2017,4,22,100.27,19.04,4.73,31.31,5.85,4.05
2017,4,23,100.32,18.8,5.09,30.94,5.71,4.35
2017,4,24,100.31,18.68,1.53,31.46,6.2,5.03
2017,4,25,100.23,17.82,0.2,32.37,6.88,6.54
2017,4,26,100.36,16.05,0,32.93,6.71,6.38
2017,4,27,100.59,16.91,0.19,31.7,6.41,6.11
2017,4,28,100.56,16.72,0.83,31.84,6.45,6.05
2017,4,29,100.62,16.17,0.03,32.68,6.68,6.36
2017,4,30,100.62,16.6,2.76,32.27,6.51,6.33
2017,5,1,100.8,18.49,16.02,29.31,6.28,5.64
2017,5,2,100.88,16.24,0.64,30.69,6.38,5.66
2017,5,3,100.79,16.3,0.55,31.44,6.65,6.46
2017,5,4,100.68,16.48,0.01,32.27,6.82,6.56
2017,5,5,100.58,16.3,0.06,32.83,6.65,6.17
2017,5,6,100.72,17.33,0.33,32.78,6.59,6.02
2017,5,7,100.67,16.42,0.21,33.15,6.97,6.84
2017,5,8,100.66,16.72,0.39,32.06,6.72,6.4
2017,5,9,100.6,17.03,1.33,31.55,6.16,5.07
2017,5,10,100.72,17.46,4.1,30.75,6.74,6.31
2017,5,11,100.68,17.27,4.46,32.08,6.99,6.71
2017,5,12,100.63,16.97,6.36,32.35,6.84,6.68
2017,5,13,100.39,17.52,3.41,33.02,6.48,6.28
2017,5,14,100.22,18.49,4.98,32.65,6.68,6.34
2017,5,15,100.08,20.51,1.52,32.18,6.59,5.27
2017,5,16,100,19.65,2.64,32.26,6.35,5.57
2017,5,17,100.03,20.26,6.05,31.66,6.02,4.74
2017,5,18,100.2,20.81,5.81,31.34,6.32,5.76
2017,5,19,100.28,19.23,2.14,32.56,6.58,6.41
2017,5,20,100.11,19.29,3.32,33.17,6.59,6.2
2017,5,21,100.06,18.62,1.89,33.17,6.88,6.72
2017,5,22,100.2,19.29,0.32,32.73,6.69,6.31
2017,5,23,100.3,20.45,2.82,31.4,6.41,6.05
2017,5,24,100.26,20.26,0.35,31.99,6.59,6.1
2017,5,25,100.19,19.53,0.02,32.19,6.89,6.61
2017,5,26,100.2,19.35,8.23,32.36,6.94,6.45
2017,5,27,100.21,19.78,11.32,31.04,6.86,6.41
2017,5,28,100.07,18.68,1.3,31.57,6.81,6.28
2017,5,29,99.84,17.88,3.74,31.17,6.21,5.01
2017,5,30,99.64,18.68,3.09,32.37,6.35,4.8
2017,5,31,99.97,20.14,5.15,32.47,6.02,4.05
2017,6,1,100.1,21.61,8.93,31.1,6.61,5.36
2017,6,2,100.19,20.87,6.48,31.01,6.6,5.11
2017,6,3,100.1,21.42,2.41,32.01,6.78,6.48
2017,6,4,99.94,21.48,0.19,32.83,6.7,6.54
2017,6,5,99.99,20.69,0.35,32.63,6.45,4.99
2017,6,6,100.22,19.23,2.68,32.16,6.27,5.66
2017,6,7,100.24,18.86,1.57,31.89,6.86,6.27
2017,6,8,100.1,19.35,0.91,31.65,6.73,4.99
2017,6,9,100.01,19.53,2.45,30.79,6.81,3.38
2017,6,10,99.91,20.02,2.01,29.01,7.05,5.72
2017,6,11,99.66,20.08,3.86,30.06,7.14,4.26
2017,6,12,99.66,20.26,8.57,29.47,7.15,3.32
2017,6,13,99.9,21.12,0.63,30.74,6.04,4.81
2017,6,14,100.16,19.9,0.44,30.81,6.08,4.63
2017,6,15,100.1,19.9,1.55,30.88,6.34,5.18
2017,6,16,100.06,20.87,11,29.76,5.91,4.27
2017,6,17,100.07,19.84,3.73,31.02,6.16,5.25
2017,6,18,99.93,20.75,1.65,31.26,6.32,5.04
2017,6,19,99.87,22.16,39.63,29.47,6.36,4.85
2017,6,20,99.95,21.85,43.11,28.23,6.31,2.4
2017,6,21,99.95,20.75,4.95,28.34,6.33,4.59
2017,6,22,99.96,20.87,2.13,28.89,6.22,4.49
2017,6,23,99.94,21.06,20.7,28.7,6.35,4.07
2017,6,24,99.79,20.51,17.49,28.98,6.42,3.61
2017,6,25,99.8,20.39,3.68,28.97,7.08,5.1
2017,6,26,99.89,21.18,6.36,29.17,7.33,5.56
2017,6,27,99.97,21.12,8.8,28.66,7.11,4.88
2017,6,28,100.02,21.55,4.64,28.78,7.13,4.13
2017,6,29,99.94,21.36,3.16,29.15,7.21,5.09
2017,6,30,99.76,21.97,5.87,29.34,6.79,4.34
2017,7,1,99.66,22.58,24.27,29.17,6.97,4.35
2017,7,2,99.74,21.67,10.36,29.67,7.19,2.44
2017,7,3,99.87,21.73,19.63,28.98,7.23,3.26
2017,7,4,99.84,21.36,7.87,29.08,6.92,3.55
2017,7,5,99.9,21.3,4.06,30,6.89,2.43
2017,7,6,99.99,21.61,10.64,29.69,6.43,1.91
2017,7,7,100.01,21.42,13.03,29.39,5.92,3.46
2017,7,8,100.01,21.79,17.54,28.85,6.74,4.6
2017,7,9,100.13,21.3,6.6,29.16,6.79,5.19
2017,7,10,100.17,22.09,15.24,28.83,6.89,3.91
2017,7,11,100.05,21.55,32.01,28.51,6.71,2.15
2017,7,12,100.04,21.42,32.08,27.51,6.62,2.49
2017,7,13,100.09,20.45,8.92,27.55,6.93,4.14
2017,7,14,100.01,20.75,3.87,28.26,7.16,4.77
2017,7,15,99.97,21.12,2.01,28.36,7.18,5.38
2017,7,16,99.85,21.18,2.48,28.27,7.19,5.93
2017,7,17,99.78,21.85,3.14,28.65,7.16,5.08
2017,7,18,99.81,21.79,6.11,28.57,7.29,5.77
2017,7,19,99.7,21.97,24.77,28.21,7.34,3.43
2017,7,20,99.77,21.73,78.41,28.15,7.11,1.53
2017,7,21,99.94,22.34,115.7,28.62,7.14,1.89
2017,7,22,99.93,22.64,45.24,28.05,7.19,1.34
2017,7,23,99.86,21.79,49.34,27.51,7.3,1.2
2017,7,24,99.69,21.73,87.31,27.46,7.03,1.26
2017,7,25,99.75,21.61,18.7,27.76,6.86,2.62
2017,7,26,100,21.42,16.26,27.76,6.72,3.19
2017,7,27,100.19,21.18,5.3,28.1,6.61,3.45
2017,7,28,100.32,21.73,5.64,28.34,6.64,5.07
2017,7,29,100.34,21.48,1.43,28.38,6.69,5.04
2017,7,30,100.25,21.79,4.9,28.28,6.61,3.5
2017,7,31,100.2,21.61,9.37,28.76,6.71,4.97
2017,8,1,100.16,22.03,3.79,29.07,6.68,4.83
2017,8,2,100.04,22.71,9.22,29.07,6.18,3.11
2017,8,3,99.87,22.34,12.21,28.57,5.79,3.01
2017,8,4,99.71,22.22,17.67,28.96,6.26,4.21
2017,8,5,99.69,22.71,13.76,28.6,6.44,3.58
2017,8,6,99.89,21.73,4.77,28.15,6.79,4.17
2017,8,7,100.22,21.97,6.04,28.71,6.92,3.46
2017,8,8,100.27,22.03,6,28.85,6.73,4.87
2017,8,9,100.28,21.79,3.55,28.61,6.65,5.23
2017,8,10,100.15,22.16,11.21,28.44,6.52,4.24
2017,8,11,100.13,21.91,16.63,28.2,6.64,3.46
2017,8,12,100.21,22.46,17.51,28.37,6.36,1.3
2017,8,13,100.39,21.12,11.39,28.06,6.63,2.4
2017,8,14,100.47,21.55,18.93,27.8,5.99,3.03
2017,8,15,100.33,21.73,15.43,27.9,6.47,4.65
2017,8,16,100.09,22.03,7.4,28.49,6.25,3.85
2017,8,17,99.92,20.81,7.13,27.84,6.3,4.98
2017,8,18,99.97,21.36,3.88,27.87,6.92,4.39
2017,8,19,100.24,21.24,8.57,27.94,6.95,4.67
2017,8,20,100.28,21.06,14.82,27.88,6.8,5.29
2017,8,21,100.25,20.81,5.57,28.11,6.76,5.32
2017,8,22,100.23,20.57,2.98,28.19,6.92,3.35
2017,8,23,100.26,20.51,14.94,28.76,6.94,3.98
2017,8,24,100.18,20.87,6.87,27.94,6.81,5.03
2017,8,25,100.04,20.75,3.51,28.3,6.77,5.42
2017,8,26,99.89,21.55,3.13,28.02,6.61,5.04
2017,8,27,99.92,21.48,11.91,27.66,6.84,4.54
2017,8,28,100.04,21.42,17.9,27.56,6.79,3.43
2017,8,29,100.32,21.42,13.42,27.8,6.55,3.74
2017,8,30,100.41,21.12,3.9,28.09,6.49,4.91
2017,8,31,100.42,21.73,3.28,27.79,6.32,3.56
2017,9,1,100.35,21.85,15.95,27.65,5.92,2.77
2017,9,2,100.26,20.87,41.98,27.01,6.19,3.25
2017,9,3,100.36,21.18,4.95,28.51,5.82,5
2017,9,4,100.45,21.12,1,28.69,6.07,5.09
2017,9,5,100.44,21.79,1.35,28.51,5.83,4.55
2017,9,6,100.47,21.91,3.09,28.44,5.94,5.26
2017,9,7,100.53,21.42,1.36,28.05,6.22,4.98
2017,9,8,100.56,21.42,1.13,28.23,6.16,4.82
2017,9,9,100.52,20.94,3.16,27.3,5.89,4.24
2017,9,10,100.62,21.36,1.22,27.58,5.6,4.67
2017,9,11,100.69,21.24,12.31,27.4,5.66,4.28
2017,9,12,100.7,21.3,6.11,27.72,5.43,3.93
2017,9,13,100.66,20.69,4.06,27.81,5.38,4.22
2017,9,14,100.53,20.69,4.66,28.26,5.59,4.73
2017,9,15,100.4,20.63,3.08,28.65,6.21,5.42
2017,9,16,100.28,21.55,0.22,29.13,6.32,6
2017,9,17,100.21,20.81,18.95,28.99,5.92,2.28
2017,9,18,100.21,20.81,17.79,27.74,6.29,4.71
2017,9,19,100.15,20.45,10.93,27.83,5.77,2.78
2017,9,20,100.27,21.55,23.59,27.62,5.6,2.77
2017,9,21,100.42,21.36,2.33,27.81,5.88,4.36
2017,9,22,100.49,21.42,0.74,28.26,6.2,5.12
2017,9,23,100.63,21.24,0.26,27.76,6.32,5.83
2017,9,24,100.51,21.48,1.02,28.79,6.34,5.76
2017,9,25,100.35,21.73,1.48,28.93,6.01,5.12
2017,9,26,100.39,21.67,0.5,28.94,5.77,4.75
2017,9,27,100.55,20.08,8.94,27.49,5.43,3.35
2017,9,28,100.46,19.78,8.05,27.81,5.11,3.33
2017,9,29,100.49,20.2,14.88,26.87,5.63,2.53
2017,9,30,100.69,21,10.5,27.38,5.96,2.61
2017,10,1,100.68,21.12,19.24,27.21,5.89,1.41
2017,10,2,100.55,20.63,5.57,27.26,6.08,4.53
2017,10,3,100.61,20.45,1.98,27.22,6.01,4.08
2017,10,4,100.68,19.96,0.25,28.08,5.9,5.48
2017,10,5,100.63,20.57,1.76,28.18,5.54,3.22
2017,10,6,100.68,20.08,1.08,27.76,5.64,4.93
2017,10,7,100.64,20.02,5.82,27.68,5.38,2.14
2017,10,8,100.5,19.96,20.44,27.32,5.49,2.94
2017,10,9,100.29,20.87,71.44,26.93,5.53,0.83
2017,10,10,100.4,21.24,14.71,27.26,5.81,4.16
2017,10,11,100.48,21,2.14,27.83,5.85,5.17
2017,10,12,100.49,20.87,0.33,27.64,5.89,5.25
2017,10,13,100.42,20.81,4.8,27.23,5.79,5.25
2017,10,14,100.4,20.81,4.4,27.73,5.3,4.41
2017,10,15,100.44,19.35,0.03,28.25,5,4.89
2017,10,16,100.49,17.94,0.04,27.94,5.19,5.05
2017,10,17,100.51,17.4,0.44,27.16,5.02,5.01
2017,10,18,100.55,19.23,5.25,26.35,5.15,4.19
2017,10,19,100.53,21,29.41,26.68,5.44,3.46
2017,10,20,100.26,20.57,49.29,26.8,5.34,0.96
2017,10,21,100.03,20.45,37.11,26.49,5.13,1.59
2017,10,22,100.63,17.7,0.04,26.02,5.56,5.59
2017,10,23,100.79,17.64,0,25.37,5.15,5.07
2017,10,24,100.99,18.01,0.83,25.77,4.71,4.25
2017,10,25,101.26,17.4,3.68,26.34,4.66,3.75
2017,10,26,101.35,16.36,0.08,25.88,4.6,3.94
2017,10,27,101.25,13.43,0,25.43,4.82,4.73
2017,10,28,101.22,13.98,0,24.69,4.53,4.49
2017,10,29,101.34,14.4,0.01,25.08,4.11,3.63
2017,10,30,101.33,14.59,0.85,24.41,3.78,2.76
2017,10,31,101.28,13.67,0.05,23.69,4.22,3.69
2017,11,1,101.32,14.16,0,22.88,4.86,4.56
2017,11,2,101.18,14.04,0,23.4,5.17,4.8
2017,11,3,101.17,14.1,0,23.11,5.21,5.03
2017,11,4,101.24,15.14,0,23.97,5.27,5.01
2017,11,5,101.22,15.87,0,24.66,5.15,5.12
2017,11,6,101.19,16.11,0,24.5,5.3,5.32
2017,11,7,101.24,14.95,0,24.08,5.23,5.21
2017,11,8,101.22,14.71,0,23.68,5.04,4.79
2017,11,9,101.11,13.79,0,23.44,5,4.91
2017,11,10,101.14,13.43,0,23.1,5.05,4.86
2017,11,11,101.18,13.61,0,23.09,5.05,4.57
2017,11,12,101.04,13.85,0,23.19,5.13,5.16
2017,11,13,100.96,13.43,0,22.46,5.06,4.96
2017,11,14,101,13.79,0.87,22.4,4.78,3.44
2017,11,15,101.12,14.4,21.74,21.08,4.56,1.02
2017,11,16,101.12,14.89,6.25,21.48,4.63,1.88
2017,11,17,101.05,15.69,2.5,22.51,4.53,2.18
2017,11,18,101.04,16.91,3.91,24.95,4.58,2.78
2017,11,19,101.11,16.54,0.03,24.55,4.38,3.94
2017,11,20,101.18,14.77,0,23.38,4.32,4.24
2017,11,21,101.19,11.35,0,20.72,4.09,4.01
2017,11,22,101.12,9.34,0,18.78,4.3,4.24
2017,11,23,101.12,9.03,0,18.12,4.2,4.2
2017,11,24,101.27,8.85,0,17.74,4.14,4.02
2017,11,25,101.41,8.42,0,18.23,4.16,4.13
2017,11,26,101.49,8.67,0,17.8,4.22,3.94
2017,11,27,101.26,9.28,0,18.01,3.76,3.71
2017,11,28,101.3,8.54,0,18.55,3.79,3.74
2017,11,29,101.47,8.42,0,18.42,3.75,3.72
2017,11,30,101.39,8.48,0,18.08,3.7,3.74
2017,12,1,101.35,9.03,0,17.68,4.18,4.21
2017,12,2,101.43,10.31,0,18.56,4.59,4.62
2017,12,3,101.44,10.38,0,18.51,4.48,4.5
2017,12,4,101.33,9.89,0,18.36,4,4.05
2017,12,5,101.29,9.46,0,18.53,4.08,3.93
2017,12,6,101.2,9.16,0,17.97,4.17,3.61
2017,12,7,101.19,10.5,0,19.35,3.9,3.32
2017,12,8,101.26,13,4.52,19.7,4.1,1.59
2017,12,9,101.12,14.4,13.51,21.3,4,1.01
2017,12,10,101.02,16.11,7.36,23.15,4.12,1.3
2017,12,11,101.21,15.08,0.28,22.76,4.26,2.74
2017,12,12,101.35,13.73,0.03,22.37,3.85,3.61
2017,12,13,101.39,12.82,0,21.56,3.75,3.77
2017,12,14,101.5,11.11,0,20.76,3.81,3.8
2017,12,15,101.58,10.68,0,20.3,3.88,3.91
2017,12,16,101.66,9.95,0,18.4,4.06,4.11
2017,12,17,101.74,9.03,0,16.66,3.81,3.86
2017,12,18,101.77,8,0,15.23,3.55,3.48
2017,12,19,101.8,9.22,0,15.98,3.28,2.16
2017,12,20,101.85,10.44,0,18.05,3.69,2.78
2017,12,21,101.78,10.8,0,18.88,3.75,3.02
2017,12,22,101.57,11.41,0,19.36,3.53,3.54
2017,12,23,101.37,10.62,0,18.96,3.63,3.6
2017,12,24,101.38,8.67,0,17.35,3.49,3.46
2017,12,25,101.37,8.24,0,16.75,3.49,3.54
2017,12,26,101.46,7.63,0,15.2,3.65,3.68
2017,12,27,101.49,8.3,0,15.61,4.06,4.12
2017,12,28,101.47,8.12,0,15.69,4.33,4.34
2017,12,29,101.56,8.18,0,16.31,4.25,4.24
2017,12,30,101.5,9.03,0,16.68,4.4,4.13
2017,12,31,101.32,9.58,0,17.56,4.37,4.4
2018,1,1,101.2,9.22,0,16.9,4.13,3.53
2018,1,2,101.08,8.67,0,16.32,3.83,3.87
2018,1,3,101.24,7.39,0,15.41,3.87,3.87
2018,1,4,101.42,6.65,0,13.69,3.92,3.84
2018,1,5,101.3,6.35,0,13.66,3.85,3.71
2018,1,6,101.2,6.23,0,14.19,4.2,4.18
2018,1,7,101.35,5.86,0,14.22,4.32,4.34
2018,1,8,101.54,5.92,0,14.07,4.21,4.05
2018,1,9,101.67,5.92,0,13.21,4.15,4.14
2018,1,10,101.69,5.86,0,13.37,4.21,4.23
2018,1,11,101.58,6.29,0,13.41,3.71,3.52
2018,1,12,101.47,6.96,0,14.46,3.48,3.41
2018,1,13,101.41,7.26,0,14.9,3.3,3.06
2018,1,14,101.5,6.96,0,14.42,3.02,2.85
2018,1,15,101.42,6.35,0,14.66,3.48,3.35
2018,1,16,101.35,6.84,0,15.4,3.89,3.87
2018,1,17,101.38,6.71,0,15.73,3.77,3.71
2018,1,18,101.37,6.23,0,15.08,4.09,4.08
2018,1,19,101.45,5.92,0,14.94,4.38,4.36
2018,1,20,101.33,6.96,0,16.52,4.37,4.28
2018,1,21,101.31,7.51,0,16.75,4.26,4.25
2018,1,22,101.22,6.77,0,16.44,4.54,4.48
2018,1,23,101.12,7.14,0,17.18,4.41,4.42
2018,1,24,100.95,9.77,0,18.42,4.19,4.12
2018,1,25,101.02,8.61,0,18.13,3.6,3.59
2018,1,26,101.14,7.81,0,17.77,4.21,4.21
2018,1,27,101.25,6.77,0,16.86,3.85,3.71
2018,1,28,101.37,6.29,0,16.81,4.48,4.48
2018,1,29,101.45,6.53,0,17.1,4.74,4.71
2018,1,30,101.32,6.65,0,17.41,4.69,4.69
2018,1,31,101.17,7.57,0,17.24,4.94,4.92
2018,2,1,101.17,8,0,18.15,3.93,3.86
2018,2,2,101.2,8.42,0,19.33,4.2,4.14
2018,2,3,101.3,9.03,0,19.61,4.09,4.1
2018,2,4,101.27,10.5,0,20.58,4.72,4.58
2018,2,5,101.52,11.54,0,21.6,4.52,4
2018,2,6,101.4,10.38,0,20.72,4.33,4.29
2018,2,7,101.14,10.19,0,21.23,4.9,4.78
2018,2,8,101.09,8.85,0,21.46,4.59,3.19
2018,2,9,101.09,10.38,0,21.69,4.37,3.88
2018,2,10,101.41,9.89,0,21.03,3.95,3.58
2018,2,11,101.63,7.63,0.02,19.01,4.53,3.78
2018,2,12,101.69,7.08,0,19.55,5.27,5.22
2018,2,13,101.77,8.06,0,19.44,5.03,4.4
2018,2,14,101.72,10.44,0,21.12,5.07,4.82
2018,2,15,101.77,8.12,0,19.98,5.26,5.23
2018,2,16,101.56,7.14,0,19.7,5.64,5.51
2018,2,17,101.18,8.42,0,20.73,5.18,5.16
2018,2,18,101.12,9.28,0,21.8,5.16,5.1
2018,2,19,101.19,10.86,0,21.78,5.06,4.88
2018,2,20,101.14,11.66,0,23.17,4.9,4.33
2018,2,21,100.97,10.68,0,23.31,4.86,4.68
2018,2,22,100.96,9.16,0,23.08,4.93,4.78
2018,2,23,101.03,10.8,0,23.62,5.34,5.27
2018,2,24,101.21,11.41,0,24.7,5.38,5.36
2018,2,25,101.18,11.05,0,24.81,5.21,5.16
2018,2,26,101.02,11.11,1.94,25.1,4.96,4.59
2018,2,27,101.09,9.83,0.01,24.8,5.29,4.96
2018,2,28,101.06,9.09,0,24.05,5.03,4.7
2018,3,1,100.99,9.7,0,24.61,5.02,4.92
2018,3,2,100.85,11.72,0,25.01,5.47,5.32
2018,3,3,100.62,12.21,0,26.76,5.59,5.51
2018,3,4,100.71,11.78,0,26.87,5.77,5.67
2018,3,5,100.9,10.62,0.01,26.26,5.19,5
2018,3,6,100.99,9.46,0.04,25.96,5.04,4.89
2018,3,7,101.12,8,0.01,25.97,6,5.98
2018,3,8,101.18,6.35,0,24.98,6.37,6.28
2018,3,9,101.08,6.77,0,25.16,5.73,5.52
2018,3,10,101.05,7.39,0,25.41,6.22,6.12
2018,3,11,101.08,9.52,0,25.49,6.14,6.09
2018,3,12,101.01,12.02,0.06,26.52,5.52,4.98
2018,3,13,100.92,10.93,0.41,28.18,5.71,5.54
2018,3,14,100.84,9.52,0,26.97,6.23,6.08
2018,3,15,100.73,11.78,0.01,27.86,5.48,5.32
2018,3,16,100.7,13.79,0.22,28.51,4.6,2.23
2018,3,17,100.84,11.66,0.22,28.41,5.57,5.52
2018,3,18,101,11.47,0.14,28.64,5.92,5.77
2018,3,19,101.12,8.85,0.03,27.53,6,5.83
2018,3,20,100.91,8.18,0,26.8,6.32,6.09
2018,3,21,100.8,9.77,0,27.51,6.15,6.01
2018,3,22,100.6,13.31,0,28.42,5.38,5.19
2018,3,23,100.62,14.4,0.08,29.44,4.82,4.45
2018,3,24,100.96,15.38,0.53,29.54,5.17,4.64
2018,3,25,101.12,14.04,0.31,29.7,5.08,4.6
2018,3,26,100.99,14.95,2.09,29.46,5.05,4.04
2018,3,27,100.82,12.7,0,29.98,5.69,5.11
2018,3,28,100.77,13.61,0,29.52,5.98,5.82
2018,3,29,100.73,15.44,0,29.44,5.72,5.52
2018,3,30,100.68,15.5,0,29.8,5.44,4.91
2018,3,31,100.79,15.69,1.83,28.82,4.99,4.06
2018,4,1,100.85,15.93,5.96,28.3,5.98,4.88
2018,4,2,101,14.1,9.05,26.05,5.39,3.37
2018,4,3,100.86,13,0.1,27.51,6.15,6.12
2018,4,4,100.7,14.53,0.52,28.18,6.39,6.14
2018,4,5,100.56,16.05,0.21,28.19,6.3,6.08
2018,4,6,100.69,16.36,0.31,28.74,5.88,5.24
2018,4,7,100.9,17.94,11.48,26.8,5.62,4.28
2018,4,8,101.01,16.54,4.11,26.62,6.07,5.84
2018,4,9,101,15.81,6.98,27.87,6.32,5.62
2018,4,10,100.86,15.44,5.95,28.29,5.99,5.74
2018,4,11,100.76,15.62,2.08,29.12,6.23,6.05
2018,4,12,100.68,15.93,7.67,29.19,6.22,5.46
2018,4,13,100.74,15.69,5.68,29.26,6.36,6.24
2018,4,14,100.64,15.81,2.63,30.48,6.51,6.27
2018,4,15,100.66,13.79,2.42,29.91,6.71,6.55
2018,4,16,100.71,15.44,0.07,30.46,6.85,6.78
2018,4,17,100.73,16.54,1.18,31.33,6.62,6.43
2018,4,18,100.61,16.97,5.3,30.44,6.59,5.48
2018,4,19,100.42,17.4,0.24,31.08,6.94,6.73
2018,4,20,100.42,18.01,0.02,31.24,6.9,6.56
2018,4,21,100.38,18.62,2.06,31.37,6.37,5.72
2018,4,22,100.51,18.74,2.19,30.9,6.15,4.63
2018,4,23,100.61,17.15,1.65,31.37,6.22,5.8
2018,4,24,100.57,15.14,0.51,31.34,6.67,6.27
2018,4,25,100.44,15.81,0,31.05,6.73,6.31
2018,4,26,100.54,17.03,4.72,30.42,6.53,5.64
2018,4,27,100.78,16.54,14.18,29.33,6.69,6.61
2018,4,28,100.71,15.62,0.95,29.95,6.34,5.02
2018,4,29,100.46,17.15,0.36,30.17,6.58,6.19
2018,4,30,100.5,17.82,11.62,29.88,6.26,4.58
2018,5,1,100.62,17.4,4.61,29.4,6.32,5.32
2018,5,2,100.66,17.64,2.16,29.55,6.72,5.66
2018,5,3,100.77,16.42,1.57,29.34,6.76,6.17
2018,5,4,100.67,16.6,0.41,30.19,6.57,5.85
2018,5,5,100.58,18.37,0.69,30.79,6.78,6.44
2018,5,6,100.53,18.92,0.07,31.54,6.64,5.88
2018,5,7,100.31,18.62,0.4,32.27,6.27,4.96
2018,5,8,100.24,18.86,0.42,32.83,6.48,6.2
2018,5,9,100.4,18.19,0.2,32.89,6.22,5.61
2018,5,10,100.66,17.4,0.5,32.23,6.25,4.37
2018,5,11,100.53,17.7,2.78,31.69,6.58,6.04
2018,5,12,100.56,17.27,1.54,31.26,6.61,5.95
2018,5,13,100.56,18.92,9.91,30.35,6.42,4.71
2018,5,14,100.64,18.19,8.78,29.58,6.35,5.97
2018,5,15,100.49,16.05,0.3,30.27,6.65,6.44
2018,5,16,100.39,18.25,13.98,29.19,6.23,3.65
2018,5,17,100.34,18.37,8.72,29.92,6.44,6.17
2018,5,18,100.24,18.55,4.87,31.15,6.31,4.69
2018,5,19,100.21,18.55,5.07,31.42,6.75,6.68
2018,5,20,100.33,18.31,0.45,31.25,6.29,4.46
2018,5,21,100.32,18.43,0.04,31.4,6.65,5.58
2018,5,22,100.39,19.29,10.89,30.58,6.18,4.38
2018,5,23,100.39,19.84,7.01,29.09,6.71,3.58
2018,5,24,100.3,19.47,0.22,29.61,6.09,4.97
2018,5,25,100.23,19.9,1.44,30.23,6.35,5.15
2018,5,26,100.25,19.71,0.27,30.5,6.54,5.87
2018,5,27,100.29,19.96,0.02,30.55,7.08,6.78
2018,5,28,100.06,19.17,0,31.01,6.84,5.61
2018,5,29,99.98,17.94,0.04,31.53,6.67,5.66
2018,5,30,100.06,17.94,0.09,31.66,6.25,5.57
2018,5,31,100.26,20.02,1.55,31.26,6.35,4.53
2018,6,1,100.48,20.69,18.09,28.95,6.38,3.2
2018,6,2,100.43,20.32,19.69,28.95,6.15,5.46
2018,6,3,100.13,20.57,0.3,29.86,6.02,5.12
2018,6,4,100.11,20.81,3.16,29.76,6.12,4.51
2018,6,5,100.34,20.32,4.62,29.08,6.79,4.65
2018,6,6,100.38,19.96,3.45,29.89,7.31,5.56
2018,6,7,100.07,20.39,7.24,30.21,7.39,6.28
2018,6,8,99.79,20.94,9.07,29.87,7.2,6.04
2018,6,9,99.5,20.81,17.11,29.62,6.71,4.03
2018,6,10,99.38,20.87,6.34,28.98,6.16,3.74
2018,6,11,99.26,21.79,9.69,30.51,5.94,3.22
2018,6,12,99.28,22.34,29.88,29.52,5.83,4.25
2018,6,13,99.39,21.12,2.86,30.67,6.12,5.77
2018,6,14,99.53,21.3,0.74,30.97,5.93,5.63
2018,6,15,99.68,20.08,0.02,32.47,6.66,6.33
2018,6,16,99.81,19.59,0.04,32.4,6.14,5.95
2018,6,17,99.84,19.59,0.76,30.69,6.18,4.08
2018,6,18,99.73,20.51,0.26,32.19,6.53,6.41
2018,6,19,99.83,20.51,0.19,31.7,6.62,5.12
2018,6,20,100.07,22.46,2.72,30.23,6.26,3.33
2018,6,21,100.17,20.94,7.46,29.33,5.96,3.59
2018,6,22,100.1,20.45,1.69,29.26,6.61,5.06
2018,6,23,100.06,21.18,5.21,28.92,6.84,2.73
2018,6,24,99.97,21.18,12.52,28.92,5.22,1.27
2018,6,25,99.84,21.85,40.07,28.69,4.96,0.54
2018,6,26,99.82,20.57,39.09,27.83,5.65,2.97
2018,6,27,99.8,20.94,16.93,28,6.41,4.14
2018,6,28,100.13,20.39,4.06,28.03,7.07,5.49
2018,6,29,100.19,20.08,2.83,28.84,7.15,4.91
2018,6,30,100.15,20.51,0.11,29.29,6.93,5.45
2018,7,1,100.13,21.12,2.34,29.17,6.48,4.98
2018,7,2,100.03,21.06,1.62,29.12,6.42,4.88
2018,7,3,99.97,21.06,15.69,28.52,6.3,2.4
2018,7,4,99.93,21.24,11.55,28.04,6.38,2.89
2018,7,5,99.88,20.69,2.85,29.38,5.59,2.04
2018,7,6,99.77,21.3,13.96,30.04,6.21,4.95
2018,7,7,99.68,21.85,3.57,29.9,6.98,5.77
2018,7,8,99.69,21.42,3.02,29.01,7.17,5.14
2018,7,9,99.75,21.67,8.25,29.52,7.22,4.82
2018,7,10,99.8,22.16,9.79,29.4,7.21,4.51
2018,7,11,99.68,21.73,2.17,29.31,7.13,5.59
2018,7,12,99.62,21.67,6.8,29.06,7.25,5.3
2018,7,13,99.64,22.09,5.07,29.02,7.2,4.64
2018,7,14,99.56,22.16,8.17,29.17,7.28,5.04
2018,7,15,99.49,21.97,10.1,29.08,7.45,5.32
2018,7,16,99.49,21.61,13.73,29.23,7.28,4.95
2018,7,17,99.58,21.79,11.39,29.51,7.2,4.42
2018,7,18,99.68,22.4,4.71,30,6.98,5.24
2018,7,19,99.62,22.64,5.22,30.44,7.21,6.57
2018,7,20,99.51,23.01,15.37,30.01,7.12,4.97
2018,7,21,99.32,22.34,14.27,29.29,7.2,3.11
2018,7,22,99.37,22.28,47.72,28.87,7.05,2.6
2018,7,23,99.84,21.24,22.01,28.92,6.9,2.81
2018,7,24,100.03,21.48,8.56,28.68,6.77,3.32
2018,7,25,100.01,21.3,14.49,28.12,6.36,2.06
2018,7,26,100,21.18,23.58,27.76,6.86,1.38
2018,7,27,99.9,20.69,20.11,27.58,6.48,3.07
2018,7,28,99.9,21.3,12.3,28.33,6.53,3.48
2018,7,29,99.84,21.42,11.97,28.26,5.78,2.94
2018,7,30,99.76,21.61,9.37,28.58,6.18,4.2
2018,7,31,99.78,21.24,14.92,28.43,6.22,2.82
2018,8,1,99.84,20.51,22.03,27.76,6.23,1.77
2018,8,2,100.01,19.96,2.13,27.68,6.47,3.08
2018,8,3,99.93,21,3.99,28.49,6.2,3.5
2018,8,4,99.88,21,8.22,28.93,6.25,4.87
2018,8,5,99.85,21.97,21.66,28.49,6.28,3.28
2018,8,6,99.61,22.28,31.76,28.06,6.2,3.33
2018,8,7,99.66,21.67,8.68,28.19,6.69,4.38
2018,8,8,99.93,21.06,5.39,28.23,6.68,5.22
2018,8,9,100.16,20.81,4.38,28.3,6.85,4.81
2018,8,10,100.08,21.36,1.57,28.77,6.7,5.45
2018,8,11,99.83,22.09,2.01,28.62,6.94,5.64
2018,8,12,99.63,21.73,5.06,28.76,6.86,4.8
2018,8,13,99.63,21.85,5,29.19,6.95,4.61
2018,8,14,99.57,22.4,9.1,28.93,6.7,4.69
2018,8,15,99.74,22.28,7.6,28.75,7.13,4.03
2018,8,16,99.99,21.61,3.01,28.59,6.96,4.87
2018,8,17,99.85,21.3,9.13,28.55,6.61,5.07
2018,8,18,99.72,21.73,0.84,28.78,6.61,5.49
2018,8,19,99.64,21.85,19.33,28.4,6.78,1.3
2018,8,20,99.77,21.85,13.76,28.23,6.94,4.29
2018,8,21,99.89,21.67,10.71,28.42,6.79,3.69
2018,8,22,99.89,22.03,33.3,28.76,6.55,4.54
2018,8,23,99.97,21.18,4.32,28.23,6.53,5.32
2018,8,24,99.91,22.4,9.64,28.26,6.31,3.41
2018,8,25,99.83,21.85,9.2,28.8,6.56,4.36
2018,8,26,99.71,21.61,9.43,28.32,6.6,5.26
2018,8,27,99.74,22.16,6.07,28.28,6.77,4.19
2018,8,28,100.03,21.79,10.59,28.45,6.52,4.61
2018,8,29,100.17,21.06,2.97,28.4,6.6,4.89
2018,8,30,100.04,21.18,2,28.31,6.19,4.36
2018,8,31,100.02,22.03,5.12,28.8,6.45,3.07
2018,9,1,100.19,21.3,6.48,27.78,6.54,4.86
2018,9,2,100.2,21.12,15.85,27.39,6.48,2.1
2018,9,3,100.18,20.87,2.17,27.96,6.21,4.07
2018,9,4,100.2,20.94,4.97,27.39,5.72,3.6
2018,9,5,99.97,20.69,16.36,27.89,6.57,4.3
2018,9,6,99.72,20.94,17.43,27.13,6.38,3.07
2018,9,7,100.21,20.81,9.85,27.81,6.4,4.48
2018,9,8,100.43,20.57,0.82,28.12,6.09,5.39
2018,9,9,100.55,20.63,0.92,27.96,6.4,5.85
2018,9,10,100.73,21,1.71,28.23,6.16,5.37
2018,9,11,100.68,21.06,7.58,27.9,5.9,3.5
2018,9,12,100.47,20.81,1.59,27.71,5.59,4.04
2018,9,13,100.36,21.12,4.95,28.38,5.85,4.37
2018,9,14,100.49,20.51,3.37,28.65,5.47,4.32
2018,9,15,100.56,20.63,6.85,28.77,5.71,4.53
2018,9,16,100.42,20.69,2.67,27.91,5.71,4.87
2018,9,17,100.24,20.69,0.05,28.94,6.06,5.82
2018,9,18,100.25,20.45,0,28.65,6.09,5.88
2018,9,19,100.25,20.69,1.01,28.31,5.71,5.21
2018,9,20,100.24,21.61,74.23,27.46,6.47,2.31
2018,9,21,100.65,20.69,21.59,27.08,5.95,2.17
2018,9,22,101.08,19.59,5.69,26.76,6.23,4.09
2018,9,23,101.08,19.17,0.14,27.44,6.28,5.82
2018,9,24,100.83,20.32,0.02,27.87,6.19,5.61
2018,9,25,100.65,21,0.45,27.87,5.41,4.52
2018,9,26,100.6,19.9,5.54,28.53,5.13,3.91
2018,9,27,100.68,20.39,2.15,28.19,5.42,4.11
2018,9,28,100.74,20.08,1.17,28.32,5.6,5
2018,9,29,100.72,20.45,0.37,28.74,5.25,4.98
2018,9,30,100.72,19.17,0.05,28.31,5.4,5.41
2018,10,1,100.79,17.52,0,27.84,5.86,5.82
2018,10,2,100.84,18.74,0,27.76,5.7,5.63
2018,10,3,100.82,18.19,0,27.91,5.68,5.61
2018,10,4,100.9,17.64,0,28.07,5.63,5.44
2018,10,5,100.95,17.46,0,27.77,5.36,5.29
2018,10,6,100.92,17.09,0,28.23,5.31,5.22
2018,10,7,100.91,15.87,0,27.93,5.37,5.13
2018,10,8,100.86,16.24,0,27.91,5.37,5.3
2018,10,9,100.8,16.36,0.03,27.19,5.32,4.53
2018,10,10,100.74,18.55,10.18,25.5,5.69,2.71
2018,10,11,100.79,19.04,19.89,25.74,5.71,3
2018,10,12,100.87,18.55,31.23,25.73,5.2,0.94
2018,10,13,100.65,19.29,7.44,25.87,5.34,2.41
2018,10,14,101,16.36,0.32,25.26,5.42,4.69
2018,10,15,101.16,15.5,0.02,26.01,5.32,5.06
2018,10,16,101.16,14.16,0,25.26,5.26,5.23
2018,10,17,101.06,13.24,0,24.71,5.06,4.94
2018,10,18,100.95,16.17,0,25.37,4.89,4.89
2018,10,19,101.03,16.05,0,27.07,4.87,4.62
2018,10,20,101.16,15.56,0,26.72,4.8,4.74
2018,10,21,101.19,14.53,0,26.07,4.86,4.78
2018,10,22,101.1,14.34,0,25.73,4.79,4.82
2018,10,23,101.09,14.59,0,25.73,4.65,4.65
2018,10,24,101.14,15.08,1.12,25.19,4.22,3.93
2018,10,25,101.33,11.23,0,23.62,5.19,5.23
2018,10,26,101.4,11.23,0,24.05,5.16,5.02
2018,10,27,101.42,11.6,0,24.41,5.1,5.01
2018,10,28,101.38,13.79,0.22,24.15,4.87,2.99
2018,10,29,101.31,15.87,3.01,23.44,4.88,2.18
2018,10,30,101.15,16.05,1.81,22.82,5.05,2.15
2018,10,31,101.24,16.42,1.9,24.58,5.33,4.66
2018,11,1,101.24,15.87,0,25.35,5.12,4.72
2018,11,2,101.2,15.69,0.52,25.23,4.99,4.32
2018,11,3,101.23,15.56,0.04,25.4,4.96,4.75
2018,11,4,101.22,16.36,0,25.15,4.86,4.7
2018,11,5,101.14,17.03,0,25.55,4.38,4.19
2018,11,6,101.16,16.24,0.24,26.1,3.97,3.84
2018,11,7,101.31,16.05,3.83,26.26,3.83,1.76
2018,11,8,101.26,14.34,0.01,24.02,3.81,3.63
2018,11,9,101.16,11.66,0,22.33,3.83,3.81
2018,11,10,101.21,10.93,0,21.72,4.12,4.08
2018,11,11,101.27,12.02,0,22.4,4.63,4.65
2018,11,12,101.17,12.15,0,22.33,4.83,4.59
2018,11,13,101,11.78,0,22.43,4.54,4.54
2018,11,14,101.05,11.84,0,23.19,3.97,3.75
2018,11,15,101.19,12.7,0,23,4.06,3.97
2018,11,16,101.15,12.33,0,23.05,4.2,4.21
2018,11,17,101.12,12.39,0,22.37,3.88,3.9
2018,11,18,101.3,12.27,0,22.62,3.9,3.81
2018,11,19,101.47,10.74,0,21.94,3.77,3.81
2018,11,20,101.42,11.78,0,22.72,3.91,3.51
2018,11,21,101.48,10.86,0,21.26,3.99,3.76
2018,11,22,101.5,10.19,0,20.78,3.77,3.73
2018,11,23,101.52,9.77,0,20.56,3.91,3.81
2018,11,24,101.51,9.7,0,19.61,3.78,3.75
2018,11,25,101.47,10.86,0,20.07,3.79,3.73
2018,11,26,101.38,10.68,0,20.52,4.01,3.75
2018,11,27,101.53,11.29,0,21.63,4.2,3.76
2018,11,28,101.56,11.66,0,21.97,4.63,4.46
2018,11,29,101.63,11.11,0,21.24,4.6,4.55
2018,11,30,101.59,10.99,0,20.95,4.13,3.45
2018,12,1,101.4,10.68,0,20.93,3.76,3.6
2018,12,2,101.28,10.38,0,20.46,3.52,3.42
2018,12,3,101.42,9.64,0,19.93,3,2.98
2018,12,4,101.5,9.22,0,19.08,3.28,3.29
2018,12,5,101.32,8.91,0,18.71,3.66,3.67
2018,12,6,101.22,9.22,0,19.16,3.36,3.11
2018,12,7,101.26,8.61,0,18.83,3.33,3.37
2018,12,8,101.44,7.87,0,17.46,3.53,3.31
2018,12,9,101.38,7.14,0,16.87,3.75,3.79
2018,12,10,101.34,7.63,0,17.95,4.07,4.07
2018,12,11,101.3,8.67,0,18.37,3.94,3.44
2018,12,12,101.43,9.03,0,19.13,3.67,3.71
2018,12,13,101.54,9.64,0,19.75,3.89,3.92
2018,12,14,101.65,9.46,0,20.03,3.96,3.66
2018,12,15,101.77,7.63,0,18.2,4.06,3.17
2018,12,16,101.78,8.91,0.51,18.76,4.09,1.99
2018,12,17,101.66,11.05,9.06,18.19,4.22,1.33
2018,12,18,101.36,12.15,9.72,19.13,3.9,0.91
2018,12,19,101.62,9.28,0.04,17.62,4.43,4.39
2018,12,20,101.61,8.61,0,16.59,3.97,3.93
2018,12,21,101.52,7.57,0,16.08,3.57,3.59
2018,12,22,101.58,7.08,0,15.4,3.59,3.48
2018,12,23,101.57,6.59,0,15.01,3.64,3.59
2018,12,24,101.46,6.41,0,15.3,3.79,3.74
2018,12,25,101.41,6.16,0,15.49,3.81,3.86
2018,12,26,101.38,5.98,0,15.26,3.83,3.79
2018,12,27,101.35,5.8,0,14.66,3.63,3.67
2018,12,28,101.42,5.68,0,14.61,3.5,3.55
2018,12,29,101.73,5.25,0,13.15,3.97,3.97
2018,12,30,101.81,5.43,0,13.36,3.98,4.01
2018,12,31,101.8,6.29,0,14.19,4.17,4.09
2019,1,1,101.82,6.35,0,15.08,4.34,4.32
2019,1,2,101.8,6.35,0,15.65,4.24,4.27
2019,1,3,101.82,6.23,0,15.98,3.9,3.86
2019,1,4,101.9,6.04,0,15.41,3.55,3.46
2019,1,5,101.72,6.41,0,15.68,3.66,3.67
2019,1,6,101.56,7.26,0,17.4,4.29,4.29
2019,1,7,101.4,7.39,0,18.01,4.63,4.65
2019,1,8,101.33,7.87,0,17.86,3.92,3.91
2019,1,9,101.46,8,0,18.03,3.61,3.34
2019,1,10,101.56,7.32,0,17.52,3.59,3.53
2019,1,11,101.63,5.98,0,16.33,3.83,3.76
2019,1,12,101.61,6.29,0,16.62,3.72,3.71
2019,1,13,101.59,6.47,0,17.09,3.95,3.96
2019,1,14,101.41,7.87,0,18.15,3.38,2.89
2019,1,15,101.57,6.9,0,17.56,3.48,3.35
2019,1,16,101.64,5.19,0,15.82,4.4,4.4
2019,1,17,101.43,5.49,0,16.4,4.24,4.24
2019,1,18,101.42,5.92,0,17.44,4.19,4.05
2019,1,19,101.53,5.86,0,17.18,3.92,3.81
2019,1,20,101.57,6.1,0,17.78,3.7,3.63
2019,1,21,101.51,6.59,0,18.83,3.9,3.83
2019,1,22,101.52,6.96,0,20.39,4.17,4.16
2019,1,23,101.46,7.51,0,20.81,4.42,4.34
2019,1,24,101.51,7.93,0,21.23,4.41,4.4
2019,1,25,101.55,7.81,0,21.59,4.44,4.28
2019,1,26,101.57,8.54,0,21.22,4.42,4.04
2019,1,27,101.6,9.34,0,20.62,4.29,3.11
2019,1,28,101.61,8.91,0,21.33,4.16,2.68
2019,1,29,101.62,6.53,0,19.06,4.08,3.78
2019,1,30,101.77,4.15,0,16.35,5.05,4.98
2019,1,31,101.7,4.7,0,17.41,4.94,4.87
2019,2,1,101.54,5.74,0,18.75,5.05,4.87
2019,2,2,101.4,5.92,0,19.57,4.97,4.95
2019,2,3,101.58,6.29,0,20.37,4.91,4.84
2019,2,4,101.74,6.47,0,21.01,4.82,4.7
2019,2,5,101.6,6.29,0,20.71,4.84,4.7
2019,2,6,101.3,6.96,0,21.22,4.58,4.52
2019,2,7,101.33,9.22,0,22.68,4.42,4.34
2019,2,8,101.3,10.13,0,23.15,4.27,3.68
2019,2,9,101.38,10.99,0.46,22.83,4.51,3.93
2019,2,10,101.74,5.98,0.02,19.44,5.13,5.09
2019,2,11,101.77,4.64,0,18.76,5.57,5.52
2019,2,12,101.81,5.49,0,19.87,5.45,5.4
2019,2,13,101.74,5.98,0,20.91,5.32,5.22
2019,2,14,101.46,6.9,0,22.57,5.07,5.06
2019,2,15,101.39,7.51,0,23.9,5.08,4.96
2019,2,16,101.36,8.61,1,22.33,5.1,3.13
2019,2,17,101.09,9.34,0,22.9,4.65,4.51
2019,2,18,101.08,7.26,0,22.12,4.85,4.79
2019,2,19,101.25,10.07,0,23.86,5.24,5.16
2019,2,20,101.52,10.5,0,25.07,5.08,4.92
2019,2,21,101.56,10.38,0,25.51,5.19,5.09
2019,2,22,101.22,10.93,0,26.18,5.03,4.63
2019,2,23,100.94,12.08,0.15,27.65,5.15,4.95
2019,2,24,100.95,10.62,0.15,26.95,5.3,5.21
2019,2,25,100.98,14.04,26.33,25.05,4.87,2.11
2019,2,26,100.99,14.71,39.41,24.4,4.82,2.23
2019,2,27,100.87,15.62,37.14,24.04,5.5,3.93
2019,2,28,101.03,12.39,20.96,22.26,5.02,2.94
2019,3,1,101.37,8.79,0,20.34,5.45,5.44
2019,3,2,101.36,8.12,0,20.69,5.99,5.81
2019,3,3,101.08,9.4,0,21.4,5.72,5.25
2019,3,4,100.79,14.16,9.46,22.64,4.67,3.05
2019,3,5,100.64,15.38,13.32,25.02,4.68,3.16
2019,3,6,100.86,13,0.14,24.51,4.83,4.41
2019,3,7,101.02,10.93,0,23.62,4.85,4.64
2019,3,8,101.17,8.97,0,22.4,5.6,5.58
2019,3,9,101.19,10.56,0,22.84,6.02,5.98
2019,3,10,101.16,14.16,0.01,24.18,5.36,4.46
2019,3,11,101.21,14.95,0.06,26.35,5.5,4.76
2019,3,12,101.16,15.08,0,26.79,5.68,5.42
2019,3,13,101.17,15.5,0,28.03,5.6,5.26
2019,3,14,101.21,15.62,0.12,27.89,5.37,5.07
2019,3,15,101.27,15.26,3.3,27.23,5.02,3.87
2019,3,16,101.25,14.16,0.32,27.23,5.39,4.5
2019,3,17,101.23,13.92,1.94,27.9,5.58,5.55
2019,3,18,101.19,13.43,11.18,24.82,5.78,3.99
2019,3,19,100.94,13.55,0.07,25.9,5.71,5.15
2019,3,20,100.97,13.24,0,26.21,5.75,5.24
2019,3,21,101.02,15.26,0.01,27.36,6.02,5.99
2019,3,22,100.95,15.62,3.12,28.25,5.89,5.59
2019,3,23,100.95,12.7,2.02,27.26,6.28,6.25
2019,3,24,100.98,9.64,0,26.7,6.85,6.81
2019,3,25,100.96,10.74,0,26.53,6.66,6.58
2019,3,26,101.05,12.88,0.39,28.3,6.15,5.79
2019,3,27,101.22,11.96,2.08,26.55,6.05,5.87
2019,3,28,101.12,13.67,0,27.53,6.38,5.83
2019,3,29,100.83,15.38,0,27.72,6.25,5.63
2019,3,30,100.7,15.2,0,28.98,6.01,4.97
2019,3,31,100.63,16.54,0.66,29.64,6.22,5.85
2019,4,1,100.73,17.09,1.9,29.41,5.86,5.62
2019,4,2,100.7,14.83,0.92,29.75,5.91,5.27
2019,4,3,100.8,13.31,0,28.69,6.57,6.26
2019,4,4,100.88,16.17,0,29.53,6.22,5.32
2019,4,5,100.79,16.17,1.53,30.07,5.62,4.21
2019,4,6,100.78,16.85,9.37,30.11,6.33,6.02
2019,4,7,100.79,16.3,7.23,28.76,6.36,5.82
2019,4,8,100.62,16.91,1.19,29.15,6.32,4.61
2019,4,9,100.66,16.3,5.74,29.9,6.61,6.28
2019,4,10,100.79,17.21,7.38,29.12,6.43,5.36
2019,4,11,100.72,17.4,0.1,29.66,6.52,5.26
2019,4,12,100.63,16.66,0.06,30.36,6.54,6.07
2019,4,13,100.66,16.36,0.02,31.21,6.65,6.49
2019,4,14,100.66,16.66,0.03,31.15,6.59,6.3
2019,4,15,100.57,16.85,0,32.08,6.37,6.21
2019,4,16,100.6,16.05,0.03,32.22,5.89,5.58
2019,4,17,100.78,17.03,1.49,32.43,5.99,5.14
2019,4,18,100.85,13.31,0.02,30.89,6.03,5.98
2019,4,19,100.67,14.77,0.46,31.08,5.87,3.93
2019,4,20,100.55,13.24,0.3,30.83,6.84,6.6
2019,4,21,100.47,14.22,1.22,31.08,6.8,6.42
2019,4,22,100.52,15.56,6.63,30.57,6.68,6.41
2019,4,23,100.72,14.95,0.03,30.57,6.94,6.87
2019,4,24,100.76,15.26,0.01,31.4,6.78,6.69
2019,4,25,100.69,15.08,0.01,31.68,6.93,6.74
2019,4,26,100.47,16.6,0.36,32.32,6.55,6.3
2019,4,27,100.35,17.4,0.7,32.98,6.68,6.53
2019,4,28,100.33,17.03,0,33.48,6.92,6.74
2019,4,29,100.4,17.4,0,33.04,7.18,7.03
2019,4,30,100.41,17.21,0.34,32.12,6.95,6.81
2019,5,1,100.44,18.13,0.29,31.49,7.2,6.94
2019,5,2,100.47,18.13,0.51,31.83,7.26,4.46
2019,5,3,100.18,19.47,42.44,28.77,7.18,1.03
2019,5,4,99.97,18.49,18.63,29.26,6.74,3.42
2019,5,5,100.59,18.13,0.01,30.88,6.68,6.34
2019,5,6,100.38,16.3,0.03,32.02,6.63,6.54
2019,5,7,100.24,17.09,0.61,32.04,7.21,7.08
2019,5,8,100.16,18.01,10.57,31.51,7.15,6.77
2019,5,9,100.05,18.19,0,32.52,6.94,6.66
2019,5,10,100.21,18.98,0,32.66,6.79,6.49
2019,5,11,100.42,19.84,0,32.03,6.8,6.62
2019,5,12,100.39,19.04,0,32.19,6.23,6
2019,5,13,100.32,18.62,1.46,32.73,6.02,5.61
2019,5,14,100.33,18.68,7.05,32.14,6.62,6.13
2019,5,15,100.46,17.58,1.82,32.23,6.62,5.98
2019,5,16,100.47,17.94,0.36,32.51,7.19,7.06
2019,5,17,100.36,18.55,0,32.9,6.79,6.65
2019,5,18,100.3,19.41,0.03,32.63,6.52,6.15
2019,5,19,100.46,19.65,0.08,32.62,6.37,5.92
2019,5,20,100.6,18.74,0.99,32.17,6.53,6.08
2019,5,21,100.49,18.98,0.73,32.48,6.52,6.29
2019,5,22,100.38,18.92,0.7,32.37,6.42,6.26
2019,5,23,100.41,18.92,1.72,31.72,6.29,4.88
2019,5,24,100.27,20.32,2.88,31.62,6.69,6.07
2019,5,25,100.14,20.45,9.63,30.88,6.82,4.41
2019,5,26,100.12,19.78,1.28,32.19,6.43,5.84
2019,5,27,100.2,20.39,0.24,32.31,6.99,6.65
2019,5,28,100.16,19.53,0.07,32.68,7.08,6.85
2019,5,29,100.1,18.62,0.22,33.3,6.86,6.68
2019,5,30,100.07,18.98,0.46,33.21,7.1,6.82
2019,5,31,100.18,18.92,2.47,32.76,6.28,5.44
2019,6,1,100.21,19.53,1.33,32.65,6.61,6.04
2019,6,2,100.3,19.47,12.11,32.03,6.38,3.84
2019,6,3,100.29,19.23,2.63,31.43,6.57,5.68
2019,6,4,100.21,18.98,2.37,31.76,5.93,4.54
2019,6,5,100.12,21.3,9.11,30.51,6.53,1.7
2019,6,6,100.19,21.55,7.2,29.87,5.66,3.94
2019,6,7,100.27,20.63,0.3,29.37,5.27,2.67
2019,6,8,100.2,20.14,0.85,29.84,6.2,4.76
2019,6,9,100.05,20.26,0.1,30.91,6.45,5.08
2019,6,10,99.9,20.87,0,31.72,6.62,6.29
2019,6,11,99.88,21,0.18,31.28,6.69,6.25
2019,6,12,99.91,22.16,3.1,31.63,6.4,5.72
2019,6,13,99.83,21.67,2.89,31.96,6.23,5.53
2019,6,14,99.7,20.2,1.28,33.48,6.39,5.97
2019,6,15,99.75,21.48,6.54,32.1,6.12,2.99
2019,6,16,99.71,20.26,0.06,33.92,6.82,6.64
2019,6,17,99.72,20.2,0.1,34.37,6.36,3.88
2019,6,18,99.82,20.87,5.8,32.08,6.27,4.64
2019,6,19,99.85,21.3,3.88,31.85,6.43,6.05
2019,6,20,100,21.48,5.4,30.63,6.32,4.77
2019,6,21,100,20.69,11.98,29.83,6.81,3.43
2019,6,22,100.09,20.32,6.44,30.08,6.75,5.64
2019,6,23,100.23,20.14,2.95,31.1,7.14,5.97
2019,6,24,100.29,20.39,0.26,31.57,7.28,6.15
2019,6,25,100.3,20.2,0.02,31.92,7.5,6.74
2019,6,26,100.14,20.87,0.17,31.44,7.42,6.61
2019,6,27,99.88,21.3,1.46,30.99,6.78,4.71
2019,6,28,99.73,21.42,1.2,31.49,6.11,2.47
2019,6,29,99.71,22.03,6.84,30.32,5.94,3.26
2019,6,30,99.68,20.51,2.78,30.75,6,3.78
2019,7,1,99.52,20.63,7.02,29.99,6.9,4.65
2019,7,2,99.63,21.67,23.04,30.12,6.8,4.35
2019,7,3,99.8,20.94,7.49,30.31,6.93,4.24
2019,7,4,99.75,20.81,0.88,31.01,6.8,5.33
2019,7,5,99.53,21.55,12.71,29.84,6.88,3.5
2019,7,6,99.28,21.61,10.84,30.19,7.18,3.46
2019,7,7,99.52,20.63,3.56,30.37,7.13,3.02
2019,7,8,99.8,21.06,2.75,30.65,6.81,4.65
2019,7,9,99.89,20.75,3.26,29.8,6.96,4.94
2019,7,10,99.9,21.06,0.92,30.13,6.78,4.15
2019,7,11,100.11,20.94,3.33,29.24,6.53,2.4
2019,7,12,100.23,21,1.55,29.4,6.6,3.36
2019,7,13,100.21,20.94,2.01,29.95,5.93,4.66
2019,7,14,99.96,21,0.75,30.81,6.17,5.04
2019,7,15,99.87,21.42,1.29,31.05,6.44,4.84
2019,7,16,100,21.48,6.7,30.43,6.49,4.92
2019,7,17,100.03,20.26,2.76,30.53,6.64,6.02
2019,7,18,99.98,19.96,0.71,30.82,6.75,5.52
2019,7,19,100.08,20.51,0.95,30.23,7.21,6.12
2019,7,20,100.22,20.2,2.2,30.65,7.07,5.78
2019,7,21,100.26,19.96,0.23,30.64,7.12,6.22
2019,7,22,100.22,20.45,0.41,29.77,7.25,6.14
2019,7,23,100.17,20.2,1.2,29.98,6.96,5.67
2019,7,24,100.13,20.08,4.95,30.26,6.85,5.49
2019,7,25,100.07,21.24,9.49,29.3,6.17,3.85
2019,7,26,99.84,20.02,18.41,29.13,6.03,2.56
2019,7,27,99.78,20.32,8.57,29.11,7,4.83
2019,7,28,99.85,20.87,11.5,29.43,7.19,5.2
2019,7,29,99.93,20.81,15.52,29,7.16,4.7
2019,7,30,100.17,19.47,3.43,28.6,6.9,4.34
2019,7,31,100.08,20.02,3.99,29.08,6.93,4.3
2019,8,1,99.98,19.96,0.97,29.42,6.76,5.12
2019,8,2,99.83,21,4.55,29.2,7.06,4.64
2019,8,3,99.71,21.18,7.55,29.88,7.14,4.14
2019,8,4,99.57,22.34,6.19,30.48,6.77,3.82
2019,8,5,99.41,23.07,7.27,30.51,6.94,5.43
2019,8,6,99.27,23.19,8.45,29.58,6.95,3.27
2019,8,7,99.07,21.91,27.31,29.05,7.17,3.31
2019,8,8,99.48,21.12,23.48,28.91,7.05,2.59
2019,8,9,99.93,21.24,1.9,29.64,6.67,4.55
2019,8,10,99.91,21.55,3.02,30.35,6.7,5.05
2019,8,11,99.79,21.91,4.99,30.15,6.57,5.04
2019,8,12,99.69,22.4,35.25,29.71,6.35,2.36
2019,8,13,99.75,21.67,16.36,28.23,6.74,2.92
2019,8,14,100.16,21.3,21.71,28.35,6.46,2.61
2019,8,15,100.38,21.18,14.39,28.52,6.45,1.6
2019,8,16,100.25,21.61,29.62,28.33,5.87,3.92
2019,8,17,100.21,21.79,36.23,27.84,5.94,1.28
2019,8,18,100.25,20.63,40.02,27.52,6.77,3.21
2019,8,19,100.38,20.57,1.17,28.2,6.8,5.76
2019,8,20,100.27,21.18,0.33,28.88,6.49,4.78
2019,8,21,100.13,21.91,0.87,28.63,6.49,5.21
2019,8,22,100.07,20.69,7.47,29.26,6.59,5.04
2019,8,23,100.12,21.06,17.77,28.44,6.69,5.04
2019,8,24,100.16,20.63,9.17,28.13,6.43,2.3
2019,8,25,100.11,20.87,19.56,27.55,6.45,2.84
2019,8,26,100.12,20.75,6.39,27.65,6.53,4.31
2019,8,27,100.1,21.06,2.83,28.4,6.39,4.13
2019,8,28,100.17,21.91,6.8,28.62,6.35,4.54
2019,8,29,100.25,21.73,11.98,28.45,6.62,4.37
2019,8,30,100.07,21.18,1.11,28.81,6.65,5.62
2019,8,31,99.98,21.42,3.39,29,6.67,5.09
2019,9,1,100.02,21.79,8.26,29.29,6.33,3.59
2019,9,2,99.95,22.03,18.99,28.97,6.43,4.94
2019,9,3,99.9,21.61,8.16,28.18,6.32,4.17
2019,9,4,99.87,21.79,4.99,28.21,6.58,4.47
2019,9,5,99.88,21.97,3.91,28.4,6.57,4.54
2019,9,6,99.77,22.03,6.23,28.82,6.37,4.81
2019,9,7,99.77,22.46,15.46,28.49,6.54,2.82
2019,9,8,99.97,22.09,12.79,28.63,6.37,3.39
2019,9,9,100.04,21.91,2.17,29.26,6.31,4.78
2019,9,10,100.1,22.46,2.65,28.49,6.18,4.28
2019,9,11,100.2,22.09,7.09,28.4,6.1,2.49
2019,9,12,100.4,20.87,30.3,27.46,6.1,2.04
2019,9,13,100.61,20.69,6.01,27.71,6.15,4.01
2019,9,14,100.57,21.12,0.75,27.82,6.02,4.85
2019,9,15,100.48,21.55,3.1,28.34,6.25,5.52
2019,9,16,100.41,21.18,1.71,28,6.18,4.96
2019,9,17,100.53,20.94,0.34,28.16,6.36,5.6
2019,9,18,100.8,20.69,1.87,28.32,6.28,4.75
2019,9,19,100.84,20.81,1.2,28.55,6.31,5.41
2019,9,20,100.77,19.9,2.6,28.4,6.36,5.65
2019,9,21,100.69,19.9,4.22,28.42,6.03,4.1
2019,9,22,100.78,20.51,10.41,28.56,6.15,4.86
2019,9,23,100.93,20.94,8.75,27.32,6.07,3.85
2019,9,24,100.98,21.3,59.16,27.1,6.18,2.83
2019,9,25,101.25,20.39,21.33,26.65,6.02,1.33
2019,9,26,101.47,18.19,24.81,25.74,5.9,2.94
2019,9,27,101.38,18.19,13.45,26.07,5.92,3.36
2019,9,28,101.22,18.49,19.18,25.61,5.4,2.27
2019,9,29,101.24,18.62,14.88,25.55,5.65,2.74
2019,9,30,100.93,18.55,4.91,25.78,5.9,4.37
2019,10,1,100.76,19.59,2.49,27.25,5.29,4.67
2019,10,2,100.8,19.71,5.76,28.03,5.46,4.85
2019,10,3,100.81,20.08,6.57,27.69,5.47,3.65
2019,10,4,100.81,19.84,9.75,26.62,5.59,4.76
2019,10,5,100.78,19.59,2.47,27.1,5.56,4.59
2019,10,6,100.87,19.59,4.81,27.36,5.38,4.32
2019,10,7,100.96,19.29,3.15,26.98,5.66,3.17
2019,10,8,101,18.8,11.37,26.62,5.92,4.34
2019,10,9,100.97,18.92,27.06,26.15,5.71,2.46
2019,10,10,100.91,18.01,2.58,27.19,5.5,3.62
2019,10,11,100.92,18.07,0.15,27.05,5.27,5.12
2019,10,12,100.99,17.64,0.44,26.99,5.6,5.5
2019,10,13,101.05,17.76,0.47,26.19,4.94,4.35
2019,10,14,101.13,16.85,0.01,26.4,5.02,4.95
2019,10,15,101.18,16.17,0.01,26.4,5.19,5.2
2019,10,16,101.22,17.33,0.43,26.78,5.13,4.27
2019,10,17,101.19,18.19,1.19,27.2,5.58,4.8
2019,10,18,101.19,19.1,0.97,27.57,5.29,5.12
2019,10,19,101.25,19.04,1.63,27.33,5.3,5.11
2019,10,20,101.2,18.49,0.76,27.1,5.28,5.15
2019,10,21,101.05,18.19,0.89,26.9,4.53,4.23
2019,10,22,100.89,18.37,1.99,26.91,4.43,3.88
2019,10,23,100.87,18.07,12.85,25.88,4.92,2.63
2019,10,24,101.05,15.87,66.29,22.53,4.8,1.1
2019,10,25,100.91,17.58,29.94,23.9,5.09,1.76
2019,10,26,100.99,18.8,4.94,26.05,5.06,2.53
2019,10,27,101.12,17.15,0.11,24.9,4.69,4.26
2019,10,28,101.23,15.69,0,23.68,4.93,4.75
2019,10,29,101.23,14.59,0,22.88,5.01,4.67
2019,10,30,101.13,15.01,0,23.57,4.7,4.46
2019,10,31,101.06,14.83,0,23.79,4.19,3.75
2019,11,1,101.06,15.75,0,24.37,4.1,3.84
2019,11,2,101.1,15.81,0,23.9,4.58,4.55
2019,11,3,101.12,16.11,0,24.41,4.84,4.71
2019,11,4,101.11,16.3,0,24.83,4.33,4.2
2019,11,5,100.95,15.69,0,24.18,4.22,4.19
2019,11,6,100.9,13.98,0,23.7,3.81,3.21
2019,11,7,100.91,13.73,0,22.94,4.52,3.76
2019,11,8,100.96,15.62,4.1,22.51,4.71,1.06
2019,11,9,100.51,16.66,101.88,22.96,4.7,0.52
2019,11,10,100.62,17.15,12.44,23.94,4.52,2.28
2019,11,11,100.93,15.56,0.34,23.96,4.85,4.75
2019,11,12,101.18,14.28,0,23.18,4.5,4.33
2019,11,13,101.39,12.7,0,21.8,4.16,4.12
2019,11,14,101.4,13.18,0,21.92,4.67,4.45
2019,11,15,101.31,13.12,0,21.86,4.81,4.68
2019,11,16,101.27,13.31,0,21.9,4.52,4.27
2019,11,17,101.24,13.06,0,21.91,4.13,4.05
2019,11,18,101.29,12.88,0,21.46,4.03,3.73
2019,11,19,101.31,11.96,0,20.97,3.94,3.9
2019,11,20,101.38,10.86,0,20.48,4.19,4.03
2019,11,21,101.46,11.66,0,21.05,4,4
2019,11,22,101.48,11.72,0,20.79,3.93,3.97
2019,11,23,101.43,11.9,0,20.89,3.75,3.61
2019,11,24,101.37,12.15,0,21.26,3.37,3.4
2019,11,25,101.42,12.88,0,21.54,3.38,3.27
2019,11,26,101.4,13.92,0,22.23,3.54,3.59
2019,11,27,101.43,13.79,0,22.17,4.05,3.97
2019,11,28,101.41,14.34,0,22.81,4.13,4.02
2019,11,29,101.38,14.28,0,22.73,4.22,4.04
2019,11,30,101.38,13.67,0,22.14,4.18,4.21
2019,12,1,101.49,12.02,0,20.84,3.83,3.18
2019,12,2,101.52,11.54,0,20.31,3.78,3.52
2019,12,3,101.52,10.62,0,19.02,3.76,3.81
2019,12,4,101.71,9.64,0,17.86,3.7,3.72
2019,12,5,101.79,10.01,0,18.05,4.22,4.21
2019,12,6,101.73,11.41,0,20.26,4.22,4.04
2019,12,7,101.64,11.96,0,21.91,4.17,4.06
2019,12,8,101.64,12.33,0,21.86,4.09,3.78
2019,12,9,101.61,12.51,0,21.19,3.85,3.78
2019,12,10,101.44,10.8,0.19,20.19,3.64,3.55
2019,12,11,101.35,11.23,0.59,21.22,3.29,2.99
2019,12,12,101.45,11.66,0,21.16,3.23,2.98
2019,12,13,101.62,11.29,0.24,20.63,3.27,3.23
2019,12,14,101.69,11.96,0.02,21.2,3.2,3.2
2019,12,15,101.6,13,0.02,21.3,3.06,3.09
2019,12,16,101.58,12.15,0.01,19.94,3.39,3.3
2019,12,17,101.69,11.47,0,18.72,3.46,2.88
2019,12,18,101.76,8.97,0,15.84,3.69,3.61
2019,12,19,101.65,7.57,0,13.27,3.87,3.91
2019,12,20,101.5,7.51,0,13.81,3.63,3.55
2019,12,21,101.53,7.69,0,14.58,3.43,2.85
2019,12,22,101.54,8,0,15.17,3.05,2.33
2019,12,23,101.57,8.85,0,16.3,3.07,2.42
2019,12,24,101.64,8.48,0,16.62,3.34,3.14
2019,12,25,101.55,9.09,0.18,16.24,3.08,2.94
2019,12,26,101.52,8.91,1.74,14.83,2.86,1.57
2019,12,27,101.48,8,8.17,13.19,2.77,2.06
2019,12,28,101.66,6.59,0.01,11.8,3.38,3.31
2019,12,29,101.66,6.71,0,12.64,3.84,3.88
2019,12,30,101.71,7.02,0,12.82,3.86,3.18
2019,12,31,101.78,7.2,0,13.99,3.88,3.93
2020,1,1,101.87,8.36,0,16.01,4.21,4.1
2020,1,2,101.92,10.01,0.25,17.38,3.88,2.99
2020,1,3,101.73,10.68,26.76,16.24,3.65,0.97
2020,1,4,101.49,10.62,0.72,18.08,3.99,1.97
2020,1,5,101.51,9.83,0.12,16.96,3.73,2.38
2020,1,6,101.81,7.87,0,14.67,4.15,4.13
2020,1,7,101.63,7.69,0,15.07,3.47,3.26
2020,1,8,101.52,8.3,0,16.71,3.56,3.44
2020,1,9,101.51,9.28,2.87,16.33,3.64,2.14
2020,1,10,101.63,8.91,0.8,15.83,3.35,3.08
2020,1,11,101.73,7.14,0.03,13,3.7,3.35
2020,1,12,101.52,6.77,0,12.98,4.18,4.21
2020,1,13,101.31,6.47,0,13.69,4.28,4.24
2020,1,14,101.35,6.96,0,15.6,4.12,4.1
2020,1,15,101.45,8.06,0,17.66,4.05,4.1
2020,1,16,101.43,8.67,0,19.6,4.26,4.31
2020,1,17,101.48,9.34,0,20.17,4.64,4.65
2020,1,18,101.46,9.58,0,18.9,4.72,4.77
2020,1,19,101.42,10.8,0,19.21,4.28,4.16
2020,1,20,101.64,9.28,0,17.03,3.28,3.11
2020,1,21,101.79,7.45,0,16.05,3.97,3.94
2020,1,22,101.77,7.69,0,16.8,4.28,4.27
2020,1,23,101.53,10.13,0,18.97,3.34,2.28
2020,1,24,101.6,7.57,0,16.76,4.2,4.09
2020,1,25,101.54,6.35,0,15.39,4.73,4.77
2020,1,26,101.38,6.84,0,15.62,4.61,4.57
2020,1,27,101.34,7.45,0,15.71,4.28,4.28
2020,1,28,101.34,9.03,0.47,18.31,3.85,3.57
2020,1,29,101.47,11.6,8.33,19.65,3.58,1.96
2020,1,30,101.33,12.15,4.66,18.69,3.58,1.6
2020,1,31,101.43,8.97,0.05,17.4,3.49,3.51
2020,2,1,101.57,7.81,0,17.11,4.14,4.16
2020,2,2,101.78,7.51,0,17.04,4.1,4.12
2020,2,3,101.81,6.71,0,16.08,4.75,4.74
2020,2,4,101.6,6.59,0,16.59,4.87,4.83
2020,2,5,101.44,8.06,0,18.5,4.21,3.73
2020,2,6,101.58,9.22,0,19.35,4.14,3.98
2020,2,7,101.7,8.79,0.04,17.84,3.79,1.76
2020,2,8,101.78,9.58,0.45,17.4,3.85,0.98
2020,2,9,101.81,9.03,0.07,17.91,4.17,4.15
2020,2,10,101.77,6.53,0,15.89,4.86,4.81
2020,2,11,101.79,6.59,0,16.06,5.22,5.21
2020,2,12,101.72,6.47,0,16.35,5.16,5.15
2020,2,13,101.44,7.2,0,17.19,5.09,5.07
2020,2,14,101.03,9.28,0,19.01,4.86,4.84
2020,2,15,101.19,9.4,0,19.42,5.41,5.45
2020,2,16,101.47,8.12,0,19.37,5.22,5.18
2020,2,17,101.51,8.18,0,19.18,5.02,4.97
2020,2,18,101.41,8.42,0,19.33,4.78,4.59
2020,2,19,101.53,9.58,0,20.43,4.68,4.25
2020,2,20,101.53,11.66,0,21.46,4.96,4.44
2020,2,21,101.73,10.68,0,22.01,5.06,4.95
2020,2,22,101.77,9.77,0,22.48,4.94,4.83
2020,2,23,101.58,10.8,0.05,23.25,4.82,4.3
2020,2,24,101.3,11.66,0.57,23.38,4.41,2.12
2020,2,25,101.24,12.08,2.72,22.16,4.45,1.03
2020,2,26,101.35,11.54,3.66,21.09,4.49,4.08
2020,2,27,101.37,9.89,0.12,20.69,4.72,4.05
2020,2,28,101.33,9.77,0,21.61,4.91,4.38
2020,2,29,101.19,9.64,0,21.54,5.42,5.34
2020,3,1,101.18,10.86,0,22.38,5.17,5.19
2020,3,2,101.11,11.47,0.39,23.36,4.78,4.77
2020,3,3,101.05,12.57,3.38,24,4.29,3.93
2020,3,4,101.04,13.92,6.68,24.31,4.35,3.59
2020,3,5,101.08,13.67,3.51,23.5,4.74,3.77
2020,3,6,101.2,13.67,3.98,23.15,5.18,4.07
2020,3,7,101.25,14.83,18.34,23.4,5.3,3.49
2020,3,8,101.19,13.98,3.92,24.35,5.63,4.84
2020,3,9,101.12,9.83,0,22.72,6.11,6.09
2020,3,10,101.14,9.28,0,22.95,6.17,6.11
2020,3,11,101.12,12.57,0.81,24.49,5.3,4.81
2020,3,12,101.23,15.14,0.87,25.86,5.11,4.59
2020,3,13,101.26,14.89,0.1,27.33,5.69,5.66
2020,3,14,101.19,13.24,0,26.58,5.96,5.44
2020,3,15,101.25,12.15,0.63,24.3,6.26,6.11
2020,3,16,101.28,13.24,0.05,25.05,5.75,5
2020,3,17,101.35,11.78,0,25.48,5.09,4.92
2020,3,18,101.22,11.17,0,25.47,5.39,5.17
2020,3,19,101.08,9.77,0.07,25.44,5.81,5.24
2020,3,20,101.03,10.93,2.23,25.07,5.98,5.76
2020,3,21,101.05,11.23,1.21,26.65,6.36,5.88
2020,3,22,101.17,13.55,5.11,24.79,6.19,5.77
2020,3,23,101.12,12.21,0.35,25.21,6.27,5.83
2020,3,24,100.94,12.27,1.46,25.94,6.18,5.84
2020,3,25,100.83,12.02,0.01,26.81,6.19,5.66
2020,3,26,100.9,12.88,0.09,27.74,6.38,6.35
2020,3,27,101.01,12.88,0,28.31,6.66,6.65
2020,3,28,100.84,13.85,0,29.35,6.38,6.38
2020,3,29,100.78,12.76,0,29.71,6.76,6.61
2020,3,30,100.87,12.33,0,29.07,6.97,6.88
2020,3,31,100.93,10.74,0,28.73,6.85,6.6
2020,4,1,100.76,10.93,0.02,29.4,6.6,6.53
2020,4,2,100.64,14.95,0.82,30.5,6.26,6.14
2020,4,3,100.76,13.98,0.44,30.71,6.01,5.59
2020,4,4,100.94,10.86,0.05,30.4,6.19,5.91
2020,4,5,100.97,11.72,0.09,29.73,5.99,5.59
2020,4,6,100.9,9.64,0.03,29.11,6.74,6.67
2020,4,7,100.72,10.93,0,30.09,6.78,6.65
2020,4,8,100.74,13.67,0.19,31.26,6.25,4.5
2020,4,9,100.79,12.39,0.6,30.39,6.63,6.47
2020,4,10,100.99,13.79,0,30.66,6.86,6.45
2020,4,11,101.04,14.28,0,30.94,6.54,6.41
2020,4,12,100.91,13.31,0.33,30.74,6.56,6.06
2020,4,13,100.71,14.22,0.19,31.22,6.27,5.73
2020,4,14,100.83,15.08,0,31.99,6.48,6.31
2020,4,15,100.83,14.59,1.03,32.19,6.05,5.32
2020,4,16,100.7,15.38,4.17,30.84,6.07,5.32
2020,4,17,100.56,15.62,1.13,32,6.37,6.2
2020,4,18,100.69,17.03,3.75,31.8,6,4.93
2020,4,19,100.74,17.27,4.53,30.95,6.5,6.39
2020,4,20,100.7,16.3,5.68,31.55,6.17,5.44
2020,4,21,100.8,16.78,16.16,30.38,6.45,2.03
2020,4,22,100.78,15.93,6.35,29.51,6.34,4.71
2020,4,23,100.72,16.36,5.12,30.08,6.31,4.18
2020,4,24,100.68,18.19,17.7,28.78,6.31,3.95
2020,4,25,100.68,17.4,1.13,29.37,6.47,5.48
2020,4,26,100.89,17.52,2.61,28.96,6.77,4.77
2020,4,27,101.07,16.17,3.95,28.54,7.11,4.74
2020,4,28,100.96,17.21,5.86,27.46,7.08,4.12
2020,4,29,100.82,15.87,2.77,28.24,6.89,5.65
2020,4,30,100.85,16.54,3.07,29.08,6.68,5.93
2020,5,1,100.76,18.01,22.94,28.58,6.62,4.86
2020,5,2,100.63,17.33,8.18,28.55,6.59,5.21
2020,5,3,100.61,16.97,3.01,29.41,6.5,5.46
2020,5,4,100.74,18.19,0.24,30.15,6.36,4.87
2020,5,5,100.62,19.04,10.03,30.89,6.59,5.78
2020,5,6,100.66,18.13,17.15,30.05,6.4,5.31
2020,5,7,100.65,17.33,2.06,29.9,6.86,5.89
2020,5,8,100.64,16.85,2.64,30.15,7.18,6.84
2020,5,9,100.64,16.78,2.74,31.3,7.19,7.06
2020,5,10,100.68,17.33,0.23,31.4,7.07,6.64
2020,5,11,100.74,17.94,6.68,30.42,6.85,6.41
2020,5,12,100.67,16.97,0.94,31.27,7.16,7.04
2020,5,13,100.56,16.91,1.89,31.27,7.13,6.39
2020,5,14,100.53,17.7,0.21,31.76,7.2,7.08
2020,5,15,100.35,18.19,0.94,31.84,7.13,7
2020,5,16,100.29,18.01,0.6,32.34,7.25,7.07
2020,5,17,100.25,18.13,1.15,32.62,6.96,6.23
2020,5,18,100.1,17.94,0,31.83,7.31,6.89
2020,5,19,100.03,17.27,6.6,28.4,7.32,2.92
2020,5,20,98.8,19.78,136.76,26.33,7.4,1.13
2020,5,21,99.65,18.25,13.32,27.26,7.52,2.68
2020,5,22,100.22,19.17,0.24,29.53,6.59,5.56
2020,5,23,100.35,21.18,0.02,30.21,6.75,5.9
2020,5,24,100.31,21.67,0.02,30.48,6.59,5.44
2020,5,25,100.37,21.24,0.09,30.09,6.17,4
2020,5,26,100.32,20.87,0.35,30.05,6.47,4.21
2020,5,27,100.27,21.3,19.94,29.97,6.42,4.01
2020,5,28,100.35,21.06,19.97,28.92,6.12,1.67
2020,5,29,100.42,20.26,5.44,29.16,6.38,6.07
2020,5,30,100.5,20.32,3.02,29.65,6.7,5.57
2020,5,31,100.65,20.69,10.59,29.95,6.63,5.02
2020,6,1,100.66,20.81,5.62,29.48,6.77,5.34
2020,6,2,100.54,21,11.46,29.8,6.63,6.23
2020,6,3,100.46,20.14,3.81,29.87,6.86,6.43
2020,6,4,100.41,20.57,8.79,29.76,7.17,6.49
2020,6,5,100.29,21.61,6.14,29.17,7.21,6.32
2020,6,6,100.22,21.36,1.24,29.79,7.02,6.13
2020,6,7,100.13,20.87,4.98,29.61,6.68,4.45
2020,6,8,100.11,20.87,9.67,29.31,6.66,5.74
2020,6,9,100.14,21,1.48,29.7,6.44,5.38
2020,6,10,100.11,21.18,1.84,29.19,6.67,4.73
2020,6,11,99.99,22.03,13.04,28.52,7,3
2020,6,12,99.83,21.85,14.77,28.8,7.13,1.54
2020,6,13,99.85,22.64,19.65,29.05,6.64,2.45
2020,6,14,100.01,22.83,15.26,28.97,6.52,2.14
2020,6,15,99.98,22.52,19.29,28.94,5.94,3.23
2020,6,16,99.77,22.16,9.16,28.45,7.05,3.57
2020,6,17,99.78,21.97,13.76,28.38,6.79,2.31
2020,6,18,99.94,21.18,5.7,28.97,6.59,2.33
2020,6,19,100.02,21.3,5.06,29.3,6.25,3.12
2020,6,20,100.02,22.03,8.36,29.24,6.6,4.96
2020,6,21,99.82,21.61,16.63,28.92,6.14,4.36
2020,6,22,99.88,21.73,19.48,29,6.68,5.07
2020,6,23,100.25,21.61,9.38,29.25,7.1,4.17
2020,6,24,100.42,21.3,1.09,29.34,6.8,6.26
2020,6,25,100.31,21.55,3.86,29.19,7.08,6.32
2020,6,26,100.24,21.61,4.56,29.05,7.44,6.21
2020,6,27,100.22,21.55,20.31,28.56,6.22,2.59
2020,6,28,100.21,21,12.28,28.76,6.21,4.5
2020,6,29,100.18,21.85,17.34,28.91,5.79,3.15
2020,6,30,100.21,21.12,1.28,29.15,6.92,5.41
2020,7,1,100.11,21.18,0.47,28.91,7.1,6.53
2020,7,2,99.97,21.79,0.19,29.08,7.02,6.36
2020,7,3,99.99,21.97,1.05,29.39,7.04,5.25
2020,7,4,99.92,21.79,6.36,29.48,7.13,4.59
2020,7,5,99.61,22.89,12.18,29.18,7.16,3.53
2020,7,6,99.62,22.28,9.24,29.45,7.04,3.67
2020,7,7,100.07,21.91,7.81,29.4,6.95,4.43
2020,7,8,100.24,21.85,4.5,28.94,6.71,4.14
2020,7,9,100.08,22.22,10.24,28.83,6.36,4.86
2020,7,10,100.05,22.34,4.98,28.84,6.99,5.71
2020,7,11,99.99,22.22,16.97,28.4,6.96,3.36
2020,7,12,100.06,21.91,17.42,28.35,6.82,4.24
2020,7,13,100,21.79,7.26,28.91,6.35,3.46
2020,7,14,100.08,21.36,7.95,27.83,6.88,4.94
2020,7,15,100.14,20.75,7.7,28.58,7.24,5
2020,7,16,100.1,20.81,5.67,28.9,7.29,6.01
2020,7,17,100.12,21.48,2.84,29.22,7.07,5.51
2020,7,18,100.26,21.3,2.38,28.67,6.74,5.52
2020,7,19,100.21,21.85,12.34,29.09,7.04,5.46
2020,7,20,100.16,21.97,4.75,28.43,7.06,4.42
2020,7,21,100.3,22.03,31.43,27.97,6.69,1.94
2020,7,22,100.29,21.24,32.78,27.91,6.53,2.52
2020,7,23,100.19,21.06,8.09,28.39,6.38,2.01
2020,7,24,100.46,20.94,3.7,27.72,6.69,3.39
2020,7,25,100.54,20.57,0.45,28.4,6.96,5.58
2020,7,26,100.44,21.73,0.08,29.55,6.89,5.81
2020,7,27,100.29,22.34,4.25,28.61,6.18,3.59
2020,7,28,100.27,21.91,25.57,29.22,5.84,3.32
2020,7,29,100.34,21.48,4.95,28.9,6.58,3.78
2020,7,30,100.4,21.42,0.61,29.32,6.99,5.66
2020,7,31,100.29,21.67,3.86,28.9,7.21,5.51
2020,8,1,100.13,21.48,2.42,29.41,7.24,5.89
2020,8,2,99.86,22.34,5.24,29.8,6.81,4.67
2020,8,3,99.48,22.71,7.81,29.77,6.03,4.8
2020,8,4,99.08,23.25,25.28,29.51,6.04,0.62
2020,8,5,99.15,22.77,16.89,29.19,6.02,2.28
2020,8,6,99.92,22.4,22.97,28.42,7.14,2.59
2020,8,7,100.1,21.97,5.44,28.88,6.82,3.77
2020,8,8,99.93,22.64,3.5,29.47,6.6,4.25
2020,8,9,99.88,22.28,3.78,29.2,6.79,4.99
2020,8,10,99.97,22.16,2.19,28.96,6.9,5.03
2020,8,11,99.93,23.07,1.21,29.26,6.57,4.65
2020,8,12,99.92,22.83,1.8,29.72,6.73,4.44
2020,8,13,99.79,22.71,2.86,29.4,7.02,5.28
2020,8,14,99.53,22.58,7.38,28.99,6.96,4.91
2020,8,15,99.42,22.58,15.57,29.14,6.88,3.61
2020,8,16,99.55,21.85,7.59,28.73,6.74,4.06
2020,8,17,99.77,21.55,8.24,28.51,6.89,2.22
2020,8,18,99.8,22.16,26.78,28.65,6.81,3.09
2020,8,19,99.53,22.03,37.59,27.88,6.95,3.64
2020,8,20,99.69,21.85,51.51,27.63,6.86,2.13
2020,8,21,100.25,22.03,25.53,27.73,6.63,1.23
2020,8,22,100.39,21.61,12.22,27.89,6.46,3.66
2020,8,23,100.29,21.18,7.67,27.46,6.79,3.3
2020,8,24,100.12,21.24,12.05,28.37,6.67,4.57
2020,8,25,100.09,22.52,32.76,28.3,6.52,5.34
2020,8,26,99.78,22.03,30.49,27.89,6.43,2.9
2020,8,27,100.1,21.67,16.46,27.87,6.5,1.46
2020,8,28,100.18,21.06,3.79,27.68,6.51,4.61
2020,8,29,100.26,21.36,0.29,28.48,6.52,5.5
2020,8,30,100.33,21.67,0.16,28.53,6.5,5.64
2020,8,31,100.35,22.22,1.85,28.52,6.43,4.47
2020,9,1,100.45,20.87,19.49,27.05,6.3,1.16
2020,9,2,100.63,20.45,4.42,27.74,6.47,4.48
2020,9,3,100.76,20.45,3.59,28.23,6.88,6.03
2020,9,4,100.63,20.63,0.42,28.7,6.72,6.07
2020,9,5,100.45,21.3,0.05,28.65,6.63,6.08
2020,9,6,100.38,22.09,0.28,28.16,6.44,5.42
2020,9,7,100.44,21.61,2.24,28.52,6.27,4.66
2020,9,8,100.46,22.09,7.01,27.73,6.27,4.6
2020,9,9,100.45,21.91,8.3,28.17,5.89,4.96
2020,9,10,100.22,21.55,9.52,28.15,6.03,3.22
2020,9,11,100.28,21.36,1.98,28.54,6.35,4.91
2020,9,12,100.5,21.42,1.41,28.28,6.44,5.28
2020,9,13,100.55,21.48,3.32,28.56,6.48,4.86
2020,9,14,100.48,21.42,1.13,28.18,6.51,5.08
2020,9,15,100.45,21.42,2.77,28.37,6.52,3.5
2020,9,16,100.41,21.85,0.71,28.36,6.42,5.18
2020,9,17,100.35,21.91,4.67,28.09,6.3,5.15
2020,9,18,100.21,21.42,0.06,28.88,6.22,4.99
2020,9,19,99.99,21.73,2.55,28.53,6.19,5.19
2020,9,20,99.77,21.73,7.15,28.38,6.04,2.29
2020,9,21,99.73,21.85,15.7,28.12,6.26,3.16
2020,9,22,100.06,21.91,12.39,28.37,5.36,2.8
2020,9,23,100.33,22.16,11.91,28.3,5.74,2.13
2020,9,24,100.46,22.09,6.22,27.94,5.93,2.88
2020,9,25,100.29,21.79,2.3,27.97,5.59,1.88
2020,9,26,100.18,21.55,6.17,27.46,4.92,2.57
2020,9,27,100.36,20.45,1.27,28.41,5.35,5
2020,9,28,100.4,19.96,1.55,28.08,5.75,4.73
2020,9,29,100.32,20.32,3.05,28.19,5.83,4.95
2020,9,30,100.22,20.26,7.25,27.87,5.78,4.37
2020,10,1,100.21,20.51,7.76,27.73,5.92,4.35
2020,10,2,100.32,21.24,13.68,27.45,5.77,4.09
2020,10,3,100.42,21.24,7.09,27.9,5.86,3.75
2020,10,4,100.48,21.3,4.89,27.78,5.62,3.91
2020,10,5,100.47,20.81,5.04,27.48,5.73,3.54
2020,10,6,100.6,20.81,12.8,26.94,5.75,4.02
2020,10,7,100.69,21.06,7.9,27.51,5.49,3.37
2020,10,8,100.71,20.81,1.2,28.12,5.63,4.74
2020,10,9,100.69,20.63,2.12,28.48,5.45,4.59
2020,10,10,100.57,21.06,6.65,28.57,5.5,5.01
2020,10,11,100.44,21,0.52,28.91,5.46,4.88
2020,10,12,100.37,20.63,1.23,29.22,5.53,5.13
2020,10,13,100.4,20.94,4.21,28.57,5.74,5.37
2020,10,14,100.49,21.18,2.38,28.31,5.54,4.7
2020,10,15,100.51,21.18,3.93,28.04,5.61,5.02
2020,10,16,100.5,20.32,9,28.88,5.56,5.09
2020,10,17,100.53,20.51,2.2,28.76,5.17,4.64
2020,10,18,100.58,20.32,1.56,28.58,5.15,3.67
2020,10,19,100.57,19.78,0.79,28.25,5.13,3.85
2020,10,20,100.54,20.39,0.28,27.94,4.92,4.74
2020,10,21,100.63,20.26,1.3,26.69,5.44,4.46
2020,10,22,100.4,19.9,6.85,25.98,5.61,2.06
2020,10,23,100.22,18.86,1.96,25.41,5.04,1.85
2020,10,24,100.55,18.92,0.66,26.71,5.01,3.79
2020,10,25,100.89,17.52,0.74,26.65,4.82,3.66
2020,10,26,100.97,14.83,0.08,25.44,4.66,4.61
2020,10,27,100.93,15.01,0,24.24,4.7,4.7
2020,10,28,101.03,14.16,0,23.26,4.77,4.78
2020,10,29,101,15.75,0,23.73,4.82,4.79
2020,10,30,100.86,18.19,0.03,25.75,5.02,4.95
2020,10,31,100.86,17.76,0.31,26.33,4.73,3.8
2020,11,1,100.94,18.98,0.88,26.13,4.79,4.15
2020,11,2,101.08,18.37,0.16,26.14,5.01,4.66
2020,11,3,101.12,16.36,0.02,25.23,4.93,4.87
2020,11,4,101.12,11.72,0,23.3,3.96,3.74
2020,11,5,101.25,10.19,0,22.81,4.12,4.15
2020,11,6,101.47,10.19,0,22.1,4.44,4.47
2020,11,7,101.5,11.72,0,20.42,4.39,4.39
2020,11,8,101.49,12.7,0,20.92,4.88,4.79
2020,11,9,101.35,13.43,0,22.59,5.21,5.06
2020,11,10,101.29,13.85,0,22.77,4.97,4.93
2020,11,11,101.41,14.16,0,23.01,5.06,5.09
2020,11,12,101.47,14.47,0,22.69,5.07,4.65
2020,11,13,101.37,14.71,0,22.94,4.99,4.96
2020,11,14,101.3,13.92,0,22.45,4.99,4.95
2020,11,15,101.32,13.67,0,22.15,4.73,4.62
2020,11,16,101.28,13.43,0,22.27,4.45,4.3
2020,11,17,101.17,13.79,0,23.3,4.11,4.09
2020,11,18,101.21,14.34,1.07,23.59,3.73,3.31
2020,11,19,101.15,14.4,0.28,24.34,3.27,3.16
2020,11,20,101.1,15.5,3,24.86,3.55,3.24
2020,11,21,101.14,15.32,2.97,23.34,3.49,1.41
2020,11,22,101.42,10.86,0.16,20.99,3.68,3.71
2020,11,23,101.54,8.97,0,18.15,4.29,4.31
2020,11,24,101.48,9.28,0,17.73,4.34,3.59
2020,11,25,101.44,11.47,0,18.7,4.53,3.57
2020,11,26,101.49,11.96,0,18.51,4.43,3
2020,11,27,101.57,12.45,0,19.38,4.42,3.57
2020,11,28,101.59,11.29,0,19.58,4.44,4.47
2020,11,29,101.57,10.19,0,18.78,4.39,4.39
2020,11,30,101.52,9.52,0,18.65,4.4,4.43
2020,12,1,101.53,9.52,0,19.09,4.21,4.23
2020,12,2,101.35,9.64,0,19.7,3.91,3.91
2020,12,3,101.28,10.5,0,20.55,3.65,3.64
2020,12,4,101.23,10.8,0,20.52,3.53,3.47
2020,12,5,101.31,11.72,0,20.52,3.29,3.33
2020,12,6,101.48,11.17,0,20.62,3.52,3.37
2020,12,7,101.57,10.13,0,19.83,3.6,3.6
2020,12,8,101.54,11.11,0,19.26,3.36,2.46
2020,12,9,101.41,11.47,0,19.39,2.89,2.36
2020,12,10,101.32,11.05,0,19.41,2.8,2.44
2020,12,11,101.38,10.5,0,19.09,3.02,1.67
2020,12,12,101.31,10.44,0,18.76,3.09,3.05
2020,12,13,101.17,10.8,0,19.87,3.4,3.3
2020,12,14,101.31,11.29,0,20.19,3.21,3.26
2020,12,15,101.51,11.11,0,19.94,3.36,3.14
2020,12,16,101.58,11.29,0.01,20.08,3.21,3.26
2020,12,17,101.5,11.17,0,19.9,3.04,3.07
2020,12,18,101.55,9.52,0,17.94,3.33,3.3
2020,12,19,101.68,7.26,0,14.76,3.98,3.99
2020,12,20,101.69,6.23,0,13.4,3.9,3.92
2020,12,21,101.52,6.53,0,13.87,3.19,3.22
2020,12,22,101.41,7.57,0,15.21,3.29,3.1
2020,12,23,101.33,7.32,0.01,15.69,3.53,3.56
2020,12,24,101.29,8.24,0,16.76,3.67,3.43
2020,12,25,101.35,8.24,0,16.55,3.67,3.71
2020,12,26,101.44,7.32,0,15.39,3.84,3.87
2020,12,27,101.37,6.59,0,15.66,3.93,3.92
2020,12,28,101.3,6.77,0,17.23,3.75,3.77
2020,12,29,101.34,7.75,0,17.4,3.73,3.59
2020,12,30,101.46,8.42,0,16.71,3.49,3.54
2020,12,31,101.5,7.63,0,15.73,3.58,3.6
2021,1,1,101.54,7.2,0.02,15.83,3.86,3.91
2021,1,2,101.51,7.2,0,16.19,3.91,3.94
2021,1,3,101.34,7.81,0,17.95,4.11,4.15
2021,1,4,101.38,8.61,0,19.02,4.12,4.16
2021,1,5,101.39,9.89,0.11,19.71,4.18,4.21
2021,1,6,101.22,10.74,0,20.85,4.28,4.31
2021,1,7,101.08,10.68,0,22.52,4.01,3.87
2021,1,8,101.12,10.86,0.05,21.89,3.78,3.62
2021,1,9,101.12,10.56,0,21.76,3.66,3.64
2021,1,10,101.12,11.6,0,22.26,3.54,3.55
2021,1,11,101.25,12.27,0,21.89,3.37,3.16
2021,1,12,101.37,10.56,0,20.13,3.48,3.27
2021,1,13,101.4,9.4,0,18.64,2.9,2.67
2021,1,14,101.39,8.61,0,17.39,2.92,2.71
2021,1,15,101.27,7.45,0,16.31,2.96,2.86
2021,1,16,101.17,7.02,0,16.58,2.75,2.53
2021,1,17,101.44,7.57,0,16.14,2.6,2.46
2021,1,18,101.45,7.63,0,16.7,2.85,2.79
2021,1,19,101.22,8.79,0,18.08,2.75,2.39
2021,1,20,101.1,11.96,0,21.05,2.94,2.22
2021,1,21,101.23,7.63,0,18.81,3.96,3.94
2021,1,22,101.35,6.71,0.01,17.03,4.15,4.07
2021,1,23,101.28,6.77,0,17.32,3.96,3.37
2021,1,24,101.33,7.81,0,18.63,3.88,3.64
2021,1,25,101.42,9.09,0,19.02,3.15,2.62
2021,1,26,101.42,8.79,0,18.51,3.07,2.8
2021,1,27,101.5,7.45,0,17.39,3.99,3.96
2021,1,28,101.55,5.98,0,16.33,4.56,4.52
2021,1,29,101.48,6.47,0.02,17.8,4.29,3.9
2021,1,30,101.43,7.14,0.02,17.73,3.45,3.07
2021,1,31,101.65,4.94,0,15.39,3.88,3.76
2021,2,1,101.77,4.94,0,16.28,4.48,4.37
2021,2,2,101.69,5.31,0,16.76,4.59,4.51
2021,2,3,101.56,5.8,0,18.34,4.54,4.42
2021,2,4,101.51,6.29,0,18.74,4.79,4.72
2021,2,5,101.37,6.84,0,20.12,5.03,5
2021,2,6,101.28,7.51,0.04,20.13,4.74,4.48
2021,2,7,101.46,8.06,0.81,18.89,4.21,3.83
2021,2,8,101.5,6.29,0,18.39,5.03,4.93
2021,2,9,101.4,6.29,0,19.6,5.14,5.01
2021,2,10,101.2,6.96,0,21.06,4.9,4.84
2021,2,11,101.19,9.28,0,21.66,4.83,4.62
2021,2,12,101.28,8.48,0,22.09,4.71,4.36
2021,2,13,101.31,9.64,0,22.7,4.61,4.39
2021,2,14,101.26,9.52,0,22.48,4.47,4.27
2021,2,15,101.13,9.52,0,22.76,4.46,4.07
2021,2,16,101.11,8.48,0,23.54,4.77,4.69
2021,2,17,101.2,10.68,0.08,23.69,4.26,3.01
2021,2,18,101.39,8.73,0.01,24.35,4.18,4.17
2021,2,19,101.51,8.91,0,24.17,4.7,3.71
2021,2,20,101.57,8.54,0,23.86,4.98,2.34
2021,2,21,101.46,6.65,0,23.98,5.01,4.88
2021,2,22,101.34,6.47,0,23.9,5.11,4.81
2021,2,23,101.15,7.26,0,24.12,5.04,4.96
2021,2,24,100.97,9.16,0,24.77,5.21,4.93
2021,2,25,100.84,8.54,0,25.3,5.57,5.49
2021,2,26,100.63,9.64,0,26.43,5.84,5.75
2021,2,27,100.65,8.24,0,26.55,5.96,5.91
2021,2,28,100.76,9.7,0,27.15,5.93,5.87
2021,3,1,100.99,11.11,0,28,5.56,5.25
2021,3,2,101.09,8.3,0,27.44,5.68,5.58
2021,3,3,101.08,7.81,0,26.56,5.75,5.62
2021,3,4,101.08,8,0,25.84,5.86,5.8
2021,3,5,100.94,11.17,0,27.23,5.46,5.27
2021,3,6,100.91,9.52,0,27.54,5.77,5.76
2021,3,7,101.04,9.34,0,28.04,5.6,5.53
2021,3,8,101.14,9.7,0,27.31,5.31,5.09
2021,3,9,101.06,12.7,0,28.15,4.82,4.53
2021,3,10,101.07,13.61,0.12,28.82,4.4,3.78
2021,3,11,101.18,13.98,1.77,28.66,4.58,4.05
2021,3,12,101.3,12.15,0.06,28.9,4.75,4.04
2021,3,13,101.25,11.54,0.31,28.05,4.4,3.97
2021,3,14,101.08,9.46,0,28.13,5.69,5.65
2021,3,15,100.97,10.8,0,28.12,5.91,5.76
2021,3,16,100.94,9.64,0,28.97,6.19,6.18
2021,3,17,100.89,9.16,0,29.08,6.1,5.91
2021,3,18,100.87,9.52,0,29.24,5.74,5.4
2021,3,19,100.78,9.28,0,29.38,5.84,5.24
2021,3,20,100.63,9.7,0,29.69,5.25,4.92
2021,3,21,100.66,10.93,0,30.9,5,4.73
2021,3,22,100.9,11.35,0,31.76,5.38,5.28
2021,3,23,100.96,10.99,0,31.87,5.29,5.11
2021,3,24,100.85,11.84,0,32.02,4.98,4.62
2021,3,25,100.81,9.89,0,31.69,5.62,5.54
2021,3,26,100.81,10.56,0,30.89,5.78,5.36
2021,3,27,100.74,12.02,0,31.33,5.71,5.61
2021,3,28,100.62,12.51,0,30.88,5.1,4.73
2021,3,29,100.39,13.67,0,31.55,5.16,4.88
2021,3,30,99.97,13.67,0,32.44,5.85,5.68
2021,3,31,99.75,10.25,0,32.77,6.04,5.8
2021,4,1,100.04,10.8,0,31.4,6.41,6.32
2021,4,2,100.39,13.67,0,31.33,5.76,5.49
2021,4,3,100.6,13.43,0,31.36,6.03,5.92
2021,4,4,100.68,13.06,0.42,31.26,5.7,5.51
2021,4,5,100.85,12.15,5.01,30.68,6.35,6.06
2021,4,6,100.85,13.18,3.1,30.02,6.25,6.02
2021,4,7,100.84,15.2,0,30.17,6.38,6.04
2021,4,8,100.69,15.69,0.41,30.35,5.53,5.11
2021,4,9,100.73,15.2,0.62,30.24,5.55,4.42
2021,4,10,100.85,14.83,0,31.44,5.62,4.37
2021,4,11,100.94,13.92,0.06,32.41,6.29,6.04
2021,4,12,100.96,13.43,0.94,32.58,6.27,5.8
2021,4,13,100.85,12.7,0,32.61,6.3,5.83
2021,4,14,100.73,13.92,0.01,32.93,6.53,6.35
2021,4,15,100.58,14.16,0,31.84,5.85,4.86
2021,4,16,100.67,14.28,0,31.48,5.66,3.37
2021,4,17,100.81,13.85,1.07,31.23,6.63,6.46
2021,4,18,100.81,15.2,6.88,30.44,6.2,5.59
2021,4,19,100.57,13.18,0.85,31.33,7,6.93
2021,4,20,100.53,15.01,0,31.87,7.05,6.81
2021,4,21,100.65,16.11,1.41,32.31,6.74,6.57
2021,4,22,100.72,16.6,8.35,30.96,6.27,2.57
2021,4,23,100.71,13.73,0.15,31.45,6.37,5.6
2021,4,24,100.62,12.08,0,31.91,7.03,6.86
2021,4,25,100.53,13.98,0,32.79,7.02,6.69
2021,4,26,100.51,14.65,0,32.71,6.45,6.29
2021,4,27,100.59,15.26,0,32.38,6.58,6.23
2021,4,28,100.75,15.44,0,32.8,6.55,6.38
2021,4,29,100.81,16.17,0,30.51,6.6,6.45
2021,4,30,100.69,15.08,0.21,31.82,6.49,6.3
2021,5,1,100.69,14.47,1.49,32.57,6.38,6.3
2021,5,2,100.71,15.81,2.21,31.87,6.32,5.54
2021,5,3,100.62,16.72,12.96,30.51,6.13,5.75
2021,5,4,100.75,16.66,13.43,28.42,5.69,3.28
2021,5,5,100.76,15.69,2.65,29.14,6.73,4.92
2021,5,6,100.85,16.6,6.1,30.23,6.93,6.34
2021,5,7,100.91,17.15,6.53,30.81,7.09,6.41
2021,5,8,100.77,16.24,1.44,31.3,7.16,6.74
2021,5,9,100.66,17.15,5.37,30.93,6.91,4.96
2021,5,10,100.52,17.7,9.06,30.94,6.9,6.16
2021,5,11,100.46,19.04,15.76,30.46,6.94,4.23
2021,5,12,100.32,18.25,20.07,30.56,7.08,6.22
2021,5,13,100.3,18.37,5.29,30.83,7.04,4.61
2021,5,14,100.21,17.46,2.7,31.19,6.9,6.59
2021,5,15,100.36,18.07,0.18,32.16,6.99,6.73
2021,5,16,100.51,18.86,0.59,32.36,7.12,6.87
2021,5,17,100.5,19.84,0.01,32.85,7.29,7.15
2021,5,18,100.39,20.2,0.82,33.08,7.52,7.27
2021,5,19,100.34,20.69,2.62,32.32,7.49,6.1
2021,5,20,100.34,22.09,2.29,31.21,7.55,7.29
2021,5,21,100.32,20.32,2.18,31.52,7.55,7.13
2021,5,22,100.18,19.47,1.02,32.09,7.56,6.68
2021,5,23,100.12,19.59,3.88,32.31,7.46,6.8
2021,5,24,100.08,18.92,8.19,30.78,6.77,3.75
2021,5,25,99.63,19.9,34.26,28.76,7.16,3.3
2021,5,26,99,20.08,38.4,28.26,6.53,2.8
2021,5,27,99.62,21.42,40.06,29.51,6.38,3.03
2021,5,28,100.31,21.67,16.56,29.87,6.45,5.97
2021,5,29,100.41,20.75,0.3,30.01,6.07,5.39
2021,5,30,100.27,21.3,9.52,29.99,5.84,4.9
2021,5,31,100.05,22.83,12.73,29.42,5.89,1.14
2021,6,1,100.2,22.71,9.97,29.54,5.87,4.56
2021,6,2,100.37,21.67,9.46,29.75,6.11,4.42
2021,6,3,100.51,21.42,0.15,29.82,6.4,6.03
2021,6,4,100.48,21.55,0.01,30.01,6.81,6.56
2021,6,5,100.37,21.3,0.58,30.31,6.99,6.51
2021,6,6,100.3,21.79,3.83,30.01,7.04,6.56
2021,6,7,100.18,22.58,6.99,30.35,6.86,5.11
2021,6,8,100.04,22.71,15.6,29.8,6.76,5.45
2021,6,9,99.98,19.59,10.67,27.59,6.54,3.83
2021,6,10,99.79,20.2,2.74,27.37,5.89,3.25
2021,6,11,99.58,21,8.37,28.17,5.68,3.81
2021,6,12,99.69,20.69,9.96,28.62,6.14,4.09
2021,6,13,99.71,21.18,9.18,29.21,6.32,4.05
2021,6,14,99.53,21.97,20.15,29.26,6.69,4.09
2021,6,15,99.47,21.55,23.53,28.98,6.01,1.72
2021,6,16,99.66,21.3,44.15,28.08,6.07,1.62
2021,6,17,99.66,20.87,80.75,27.34,6.23,1.26
2021,6,18,100.08,20.57,26.6,27.7,6.95,2.87
2021,6,19,100.15,20.75,17,27.72,6.96,1.22
2021,6,20,100.21,20.87,26.39,27.52,6.8,2.5
2021,6,21,100.17,20.81,11.51,28.1,6.28,3.72
2021,6,22,100.13,21.3,6.3,28.44,6.24,3.66
2021,6,23,100.23,20.69,7.16,27.87,6.26,4.35
2021,6,24,100.13,20.87,1.63,28.73,6.48,5.78
2021,6,25,99.98,21.18,3.22,28.71,6.62,5.33
2021,6,26,100.17,21.36,5.71,28.76,6.66,5.04
2021,6,27,100.43,21.61,7.37,28.94,7.08,4.72
2021,6,28,100.43,21.3,4.16,28.4,7.09,5.02
2021,6,29,100.23,21.97,0.43,29.23,6.79,3.72
2021,6,30,100.05,22.95,7.81,28.92,6.3,4.3
2021,7,1,99.92,22.64,11.7,28.96,5.93,2.14
2021,7,2,100.07,21.79,23.23,28.33,6.02,2.94
2021,7,3,100.11,22.22,13,28.11,5.88,4.07
2021,7,4,100.24,21.48,8.09,28.86,6.06,3.47
2021,7,5,100.21,21.55,6.72,29.2,6.19,4.67
2021,7,6,100.05,22.46,2.53,29.19,6.03,3.64
2021,7,7,100.09,22.64,17.81,28.83,5.34,2.85
2021,7,8,100.11,21.55,24.13,28.62,5.87,3.52
2021,7,9,100.03,20.75,5.34,28.8,6.74,4.89
2021,7,10,100.02,21.61,2.4,28.89,7.26,4.57
2021,7,11,100.2,21.85,5.48,28.8,7.31,5.7
2021,7,12,100.35,21.55,6.06,28.32,7.32,4.97
2021,7,13,100.25,21,5.61,28.3,7.26,5.11
2021,7,14,100.32,21.06,3.54,28.49,7.24,5.17
2021,7,15,100.4,20.75,0.72,29.17,7.3,6.44
2021,7,16,100.54,20.75,1.38,28.65,7.25,5.99
2021,7,17,100.42,21.61,9.3,28.47,7.3,5.77
2021,7,18,100.18,21.55,4.99,29.28,7.25,5.62
2021,7,19,100,22.22,9.7,28.71,6.82,3.96
2021,7,20,99.95,21.91,20.51,28.98,6.91,2.55
2021,7,21,99.67,21.48,6.85,29.33,6.92,4.42
2021,7,22,99.46,21.67,6.5,28.94,7.23,4.87
2021,7,23,99.33,22.89,25.18,29.12,7.32,3.15
2021,7,24,99.64,22.34,11.04,28.33,6.91,2.21
2021,7,25,99.83,22.03,1.19,29.37,7.03,4.86
2021,7,26,99.69,22.4,9.35,28.89,6.74,3.56
2021,7,27,99.52,22.16,22.25,28.28,6.74,2.6
2021,7,28,99.46,22.58,27.47,28.7,6.88,2.76
2021,7,29,99.09,21.97,159.91,27.55,6.86,0.97
2021,7,30,99.59,21.97,32.57,28.3,7.1,3.3
2021,7,31,99.92,21.48,0.44,28.48,6.6,4.08
2021,8,1,99.88,21.61,0.63,28.13,6.67,4.97
2021,8,2,99.96,21,5.64,27.52,6.8,4.04
2021,8,3,99.94,21.42,15.35,28.57,6.79,3.22
2021,8,4,99.97,21.48,18.87,27.84,6.7,2.77
2021,8,5,99.85,21.73,26.11,28.47,6.77,5.06
2021,8,6,99.9,21.73,9.67,28.26,6.99,4.1
2021,8,7,100.15,22.46,24.15,28.77,6.65,2.2
2021,8,8,100.37,22.09,15.42,28.26,6.53,3.15
2021,8,9,100.35,22.4,3.55,29.19,6.42,4.52
2021,8,10,100.1,22.71,0.82,28.51,6.43,4.86
2021,8,11,100.09,22.95,3.33,28.56,6.21,4.49
2021,8,12,100.17,22.95,21.06,28.62,6.04,2.77
2021,8,13,100.19,22.03,3.34,28.33,5.87,2.96
2021,8,14,100.01,22.64,7.81,29.17,6.41,4.39
2021,8,15,100.12,22.34,3.47,28.88,6.71,5.33
2021,8,16,100.31,21.67,1.8,28.67,6.66,3.41
2021,8,17,100.28,21.85,11.84,28.03,6.83,3.05
2021,8,18,100.21,21.67,14.16,27.7,6.45,3.52
2021,8,19,100.26,21.48,14.8,27.46,6.7,3.73
2021,8,20,100.55,21.18,6.54,27.48,6.83,2.78
2021,8,21,100.73,20.69,4.08,27.8,6.92,3.87
2021,8,22,100.59,21.06,1.77,28.13,6.82,6.09
2021,8,23,100.43,21.55,0.2,28.64,6.52,5.62
2021,8,24,100.28,22.16,1.36,28.41,6.17,4.59
2021,8,25,100.06,22.28,8.58,28.27,5.61,4.16
2021,8,26,99.97,22.09,31.92,27.79,4.99,2.09
2021,8,27,100.1,21.06,14.7,27.32,6.33,3.36
2021,8,28,100.07,21.48,4.1,28.15,6.74,4.59
2021,8,29,100.2,21.12,4.66,27.76,6.65,4
2021,8,30,100.51,20.87,12.73,27.23,6.68,4.26
2021,8,31,100.67,20.94,4.52,27.89,6.78,5.24
2021,9,1,100.67,20.57,1.09,28.2,6.77,5.43
2021,9,2,100.52,19.96,3.42,28.22,6.79,5.28
2021,9,3,100.36,20.02,1.23,27.7,6.76,5.04
2021,9,4,100.21,20.75,3.24,28.4,6.65,5.18
2021,9,5,100.13,21.42,2.04,28.62,6.52,5.34
2021,9,6,100.25,22.22,10.79,28.52,6.68,4.34
2021,9,7,100.56,21.42,25.76,27.58,6.42,2.85
2021,9,8,100.55,21.24,14.44,27.5,6.48,4.49
2021,9,9,100.4,20.57,5.41,27.98,6.46,4.68
2021,9,10,100.28,20.69,2.4,28.24,6.38,5.31
2021,9,11,100.14,21.3,19.94,27.9,6.57,3.56
2021,9,12,99.79,21.48,12.62,27.83,6.39,4.31
2021,9,13,99.74,21.85,19.07,27.54,6.31,2.54
2021,9,14,100.28,21.55,106.02,27.46,5.96,0.69
2021,9,15,100.53,21.67,43.82,27.26,5.99,3.08
2021,9,16,100.39,20.51,2.93,28.04,5.98,4.01
2021,9,17,100.32,20.81,4.27,27.79,5.95,4.03
2021,9,18,100.49,20.32,11.47,27.65,5.61,2.72
2021,9,19,100.64,20.32,42.21,27.23,5.88,3.37
2021,9,20,100.5,20.75,36.13,26.76,5.91,1.27
2021,9,21,100.37,21.06,46.55,26.83,5.62,2.66
2021,9,22,100.3,20.81,17.94,26.93,5.87,2.78
2021,9,23,100.54,20.94,7.35,27.07,6,4.38
2021,9,24,100.59,20.32,0.96,28.2,5.99,5.29
2021,9,25,100.44,20.94,0.29,28.2,5.96,3.4
2021,9,26,100.35,21,8.84,27.57,6.23,3.9
2021,9,27,100.37,21,5.82,27.4,6.12,4.6
2021,9,28,100.51,20.14,65.98,26.3,6.15,2.23
2021,9,29,100.66,19.78,38.08,26.73,5.69,1.32
2021,9,30,100.8,20.51,19.45,26.97,6.04,4.11
2021,10,1,100.79,20.32,1.81,27.33,6.36,5.94
2021,10,2,100.73,20.63,0.99,27.55,6.14,5.69
2021,10,3,100.57,21.42,2.71,27.56,5.86,5.06
2021,10,4,100.54,21,3.52,27.37,4.99,4.26
2021,10,5,100.72,21.06,5.08,27.56,5.57,4.62
2021,10,6,100.64,20.02,2.95,27.73,5.72,4.74
2021,10,7,100.44,20.75,3.16,28.16,5.43,4.41
2021,10,8,100.36,20.75,4.32,28.48,5.11,4.59
2021,10,9,100.43,20.57,1.39,28.21,4.98,4.45
2021,10,10,100.48,20.32,4.33,27.81,4.92,4.23
2021,10,11,100.43,20.51,1.48,27.83,5.07,4.86
2021,10,12,100.36,20.32,0.01,28.12,5.25,4.65
2021,10,13,100.33,20.75,2.83,27.23,5.02,3.02
2021,10,14,100.36,20.63,13.4,27.98,5.44,3.99
2021,10,15,100.23,20.2,9.72,28.74,5.42,5.26
2021,10,16,100.35,21.36,13.84,27.86,5.5,4.73
2021,10,17,100.47,21.06,48.64,26.91,5.59,2.9
2021,10,18,100.45,20.63,46.43,26.6,5.56,1.22
2021,10,19,100.82,20.69,28.83,26.66,5.12,1.17
2021,10,20,100.95,20.69,8.64,27.38,5.11,2.76
2021,10,21,100.96,18.01,0.47,26.09,5.05,5.07
2021,10,22,101.05,15.87,0.11,25.94,5.13,5
2021,10,23,101.19,14.34,0,25.66,4.64,4.55
2021,10,24,101.22,15.08,1.03,25.77,4.39,4.03
2021,10,25,101.08,16.05,2.92,26.09,4.53,4.39
2021,10,26,101.04,16.97,0.71,25.57,4.6,4.45
2021,10,27,101.12,17.4,1.91,25.13,4.24,3.23
2021,10,28,101.18,17.46,2.58,25.14,4.38,2.85
2021,10,29,101.3,16.3,1.48,24.33,4.9,4.88
2021,10,30,101.31,15.62,0,24.19,5.16,4.93
2021,10,31,101.25,14.83,0,24.01,4.97,4.76
2021,11,1,101.3,15.01,0,23.51,4.63,4.52
2021,11,2,101.36,14.59,0,23.43,4.48,4.23
2021,11,3,101.28,14.16,0,23.76,4.45,4.45
2021,11,4,101.24,14.65,0,24.27,4.3,4.15
2021,11,5,101.17,13.55,0,22.35,4.29,4.12
2021,11,6,101.02,12.82,0,21.63,4.71,4.74
2021,11,7,101.05,12.08,0,21.09,4.81,4.72
2021,11,8,101.12,12.45,0,20.67,4.89,4.8
2021,11,9,101.18,13.12,0,20.87,4.86,4.78
2021,11,10,101.16,13.49,0,21.94,4.83,4.85
2021,11,11,101.12,13.79,0,22.51,4.66,3.93
2021,11,12,101.15,15.32,0.24,23.96,4.66,2.99
2021,11,13,101.15,16.54,3.59,24.12,4.68,2
2021,11,14,101.06,16.97,3.84,24.68,4.41,1.98
2021,11,15,100.93,16.36,4.88,23.69,4.57,1.49
2021,11,16,101.04,15.32,0.86,22.55,4.32,4.1
2021,11,17,101.28,14.59,0,22.34,4.35,4.27
2021,11,18,101.13,13.24,0,21.51,4.57,4.55
2021,11,19,100.95,13.24,0,22.36,4.73,4.74
2021,11,20,100.96,13.98,0,23.32,4.39,4.4
2021,11,21,101.08,14.53,0,23.26,3.69,3.34
2021,11,22,101.05,14.4,0,24.08,3.59,3.63
2021,11,23,101.07,14.77,0,23.38,3.59,3.37
2021,11,24,101.25,12.21,0,20.88,3.35,3.38
2021,11,25,101.26,10.8,0,20.94,3.4,3.36
2021,11,26,101.32,11.6,0,20.38,3.37,3.34
2021,11,27,101.41,11.6,0,19.89,3.62,3.65
2021,11,28,101.49,11.35,0,18.95,4.28,4.28
2021,11,29,101.47,11.9,0,19.05,4.43,4.47
2021,11,30,101.44,11.96,0,19.01,4.39,4.39
2021,12,1,101.39,12.02,0,19.55,4.45,4.49
2021,12,2,101.36,11.66,0,20.42,4.65,4.65
2021,12,3,101.46,12.76,0.15,20.87,4.56,3.61
2021,12,4,101.39,14.04,21.73,20.4,4.37,1.1
2021,12,5,101.28,15.75,37.68,22.3,4.38,1.14
2021,12,6,100.99,16.24,36.84,23.02,4.25,1.54
2021,12,7,101.29,13.98,2.31,21.37,3.89,1.77
2021,12,8,101.5,13.37,0.05,20.78,4.09,3.67
2021,12,9,101.66,13.49,1.63,20.93,4.02,2.19
2021,12,10,101.65,11.6,0.84,20.17,4.3,3.22
2021,12,11,101.65,10.93,0.15,19.18,3.52,3.55
2021,12,12,101.75,10.31,0,17.93,3.14,3.16
2021,12,13,101.65,9.7,0,17.33,3.56,3.56
2021,12,14,101.54,9.46,0,17.12,3.82,3.8
2021,12,15,101.49,9.03,0,17.08,3.68,3.53
2021,12,16,101.55,9.83,0,16.65,3.52,3.44
2021,12,17,101.53,9.09,0,16.98,4.1,4.15
2021,12,18,101.48,10.38,0,17.35,4.07,4.1
2021,12,19,101.62,7.93,0,14.83,3.42,3.46
2021,12,20,101.66,6.71,0,12.55,4.14,4.17
2021,12,21,101.53,7.45,0,13.08,3.47,3.32
2021,12,22,101.36,7.32,0,13.69,3.35,3.24
2021,12,23,101.36,8.36,0,15.46,3.34,3.27
2021,12,24,101.39,8.36,0,17.26,3.3,3.33
2021,12,25,101.43,9.52,0,18.27,3.39,3.34
2021,12,26,101.62,10.74,0,19.51,2.98,3.02
2021,12,27,101.71,10.56,0,19.47,2.56,2.54
2021,12,28,101.66,11.17,0.34,18.99,2.83,2.84
2021,12,29,101.66,11.35,0.56,19.09,3.05,2.24
2021,12,30,101.88,10.74,0.86,18.01,3.76,2.66
2021,12,31,101.94,10.62,0.18,17.98,3.98,4
2022,1,1,101.89,9.28,0,16.42,3.93,3.91
2022,1,2,101.75,9.09,0,15.76,3.97,3.86
2022,1,3,101.62,8.85,0,15.86,4.13,4.14
2022,1,4,101.67,8.12,0,15.28,4.21,4.07
2022,1,5,101.62,8.24,0,15.54,4.11,4.06
2022,1,6,101.54,8.67,0,17.31,4.02,4.06
2022,1,7,101.61,9.22,0,17.76,4.03,4.08
2022,1,8,101.6,10.44,0,18.44,4.29,4.33
2022,1,9,101.39,10.86,0,19.58,4.33,4.38
2022,1,10,101.44,10.68,0,20.32,4,3.59
2022,1,11,101.44,11.6,10.73,19.97,3.56,3.17
2022,1,12,101.42,11.41,4.14,18.44,3.84,1.62
2022,1,13,101.52,11.05,0.62,18.29,3.62,3.19
2022,1,14,101.55,10.5,2.13,17.65,3.06,1.04
2022,1,15,101.56,8.97,0.1,16.62,4.05,3.41
2022,1,16,101.75,8.67,0,15.76,3.85,3.9
2022,1,17,101.83,7.87,0,14.31,4.02,3.98
2022,1,18,101.6,7.75,0,14.06,4.12,4.17
2022,1,19,101.37,8.48,0,15.37,4.08,4.07
2022,1,20,101.13,7.81,0,15.96,3.85,3.79
2022,1,21,101.1,8.85,0.89,18.32,3.4,2.81
2022,1,22,100.99,11.05,1.34,19.09,3.54,2.19
2022,1,23,100.96,12.45,1.7,19.83,3.98,1.69
2022,1,24,100.97,12.76,5.33,19.15,3.84,2.11
2022,1,25,101.1,10.62,0.07,19.27,4.06,3.52
2022,1,26,101.21,10.5,0.33,18.65,3.49,3.14
2022,1,27,101.37,8.48,0.05,16.39,3.53,3.55
2022,1,28,101.55,7.14,0.04,13.98,4.21,4.13
2022,1,29,101.55,6.77,0,13.6,4.27,4.31
2022,1,30,101.26,6.84,0,15.09,4.38,4.39
2022,1,31,101.15,8.24,0,17.23,4.72,4.68
2022,2,1,101,9.46,0,18.44,4.66,4.53
2022,2,2,101.19,8.3,0,19.9,4.75,4.58
2022,2,3,101.13,11.72,0.27,19.77,4.6,3.36
2022,2,4,100.88,13.43,32.56,21,4.11,1.17
2022,2,5,101.18,8.12,0.79,17.42,4.81,4.84
2022,2,6,101.55,7.63,0.96,15.97,5.05,5.06
2022,2,7,101.53,8,0,16.89,4.86,4.82
2022,2,8,101.38,8.79,0,18.51,4.74,4.42
2022,2,9,101.44,9.83,0,19.53,4.58,3.89
2022,2,10,101.29,11.6,0.79,20.15,4.65,2.01
2022,2,11,101.37,9.4,0.55,19.01,3.65,3.09
2022,2,12,101.36,7.57,0,17.77,5.05,5.05
2022,2,13,101.24,7.63,0,17.14,5.49,5.53
2022,2,14,101.22,7.57,0,17.73,5.43,5.29
2022,2,15,101.16,7.57,0,18.45,5.49,5.33
2022,2,16,100.98,8.36,0,18.7,5.22,5.16
2022,2,17,100.95,9.58,0,19.98,4.63,4.58
2022,2,18,101.13,7.87,0,19.76,4.93,4.64
2022,2,19,101.19,8.12,0,19.71,5.13,5.11
2022,2,20,100.79,12.15,2.17,20.55,4,2.18
2022,2,21,100.86,9.58,0.15,20.09,5.04,4.86
2022,2,22,101.26,12.21,0.08,21.52,5.06,4.23
2022,2,23,101.53,11.23,0.04,22.23,5.04,4.6
2022,2,24,101.47,13.37,1.54,22.22,5.23,4.79
2022,2,25,101.43,13.61,3.01,22.82,5.81,3.32
2022,2,26,101.53,13.49,0.95,23.72,5.48,5.41
2022,2,27,101.44,12.27,2.05,24.25,5.22,4.66
2022,2,28,101.34,12.76,3.43,24.04,5.38,5.32
2022,3,1,101.43,12.45,0.34,24.07,4.71,4.57
2022,3,2,101.4,11.78,0,23.84,5.1,5.13
2022,3,3,101.38,10.93,0,23.48,5.35,5.32
2022,3,4,101.29,9.89,0,23.23,5.48,5.32
2022,3,5,101.13,11.78,0,23.82,5.28,5.21
2022,3,6,101.14,10.86,0,23.84,5.61,5.45
2022,3,7,101.18,9.77,0,22.3,5.87,5.8
2022,3,8,101.06,10.19,0,22.87,5.94,5.81
2022,3,9,101.03,9.46,0,23.39,5.95,5.85
2022,3,10,101,9.4,0,23.56,6.05,5.99
2022,3,11,100.96,9.83,0,23.72,6.04,5.48
2022,3,12,100.89,10.25,0,24.42,6.12,5.98
2022,3,13,100.95,10.38,0,24.02,6.44,6.3
2022,3,14,100.89,10.44,0,24.82,6.38,6.36
2022,3,15,100.66,10.01,0,25.89,6.35,6.27
2022,3,16,100.51,13.61,0,26.15,6.14,5.95
2022,3,17,100.64,14.83,0,27.03,6.08,6.03
2022,3,18,100.71,13.79,0,26.94,6.32,6.26
2022,3,19,100.54,12.33,0,26.69,6.58,6.46
2022,3,20,100.43,13.55,0,26.92,6.62,6.5
2022,3,21,100.54,15.32,0,28.14,6.1,5.95
2022,3,22,100.58,15.62,0,28.9,5.82,5.53
2022,3,23,100.59,15.14,0,29.17,5.62,4.83
2022,3,24,100.53,15.81,0,29.08,5.65,5.54
2022,3,25,100.56,17.15,0,29.09,4.98,4.32
2022,3,26,100.66,17.64,0.31,29.67,4.6,3.66
2022,3,27,100.8,15.38,0.39,30.09,5.21,5.04
2022,3,28,100.72,15.75,0,29.51,6.14,6.07
2022,3,29,100.55,15.69,0,29.68,6.03,5.88
2022,3,30,100.6,17.94,0,29.57,5.87,5.24
2022,3,31,100.67,17.94,0,29.87,5.76,5.22
2022,4,1,100.67,18.01,0,30.15,5.56,5.06
2022,4,2,100.81,17.76,0,30.16,4.92,3.98
2022,4,3,100.81,17.46,0,30.01,5.2,4.77
2022,4,4,100.84,16.66,0,30.38,5.92,4.89
2022,4,5,101.02,15.93,0,30.1,5.93,5.23
2022,4,6,101.02,16.05,0.05,30.04,5.82,5.32
2022,4,7,100.96,15.14,0,30.54,6.31,6.09
2022,4,8,100.76,15.01,0,30.67,6.27,6.16
2022,4,9,100.59,15.93,0,31.07,6.34,6.18
2022,4,10,100.52,17.03,0,31.07,6.05,5.8
2022,4,11,100.4,17.4,0,31.67,6.36,6.09
2022,4,12,100.44,17.27,0,31.39,6.29,5.37
2022,4,13,100.33,17.27,0,31.06,6.27,5.82
2022,4,14,100.16,17.03,0.01,32.09,5.75,5.05
2022,4,15,100.14,15.99,0.01,33.32,5.97,5.75
2022,4,16,100.15,16.11,0.18,33.04,5.54,5.19
2022,4,17,100.27,16.78,0.12,32.73,6.23,6.1
2022,4,18,100.47,16.6,0,32.67,6.51,6.19
2022,4,19,100.61,16.85,0,31.94,6.42,5.7
2022,4,20,100.55,16.05,0.01,32.23,6.32,4.98
2022,4,21,100.59,16.3,0.14,31.51,6.35,5.36
2022,4,22,100.58,17.46,0.54,32.27,6.22,4.41
2022,4,23,100.53,16.05,0.14,33.29,6.3,6.12
2022,4,24,100.34,15.26,0.1,33.82,6.55,6.43
2022,4,25,100.31,16.05,0.25,33.79,6.57,6.49
2022,4,26,100.38,16.66,0,33.51,6.56,6.41
2022,4,27,100.37,17.09,0,33.3,6.5,6.21
2022,4,28,100.43,16.05,0,33.98,6.49,6.2
2022,4,29,100.39,16.66,0.53,33.93,6.41,5.85
2022,4,30,100.31,16.6,5.12,32.8,5.93,4.64
2022,5,1,100.33,17.03,16.29,31.04,6.18,5.54
2022,5,2,100.36,16.36,12.22,30.07,6.33,5.46
2022,5,3,100.47,17.52,7.59,29.69,6.17,3.58
2022,5,4,100.59,18.01,2.98,30.26,6.5,5.76
2022,5,5,100.53,18.01,13.18,30.06,6.19,4.96
2022,5,6,100.45,17.4,8.22,30.25,6.84,6.7
2022,5,7,100.42,15.87,0.04,31.37,6.82,6.53
2022,5,8,100.4,17.46,3.42,30.87,7.06,6.53
2022,5,9,100.43,18.31,6.12,29.51,7.27,2.9
2022,5,10,100.44,19.47,16.47,28.58,7.15,4.76
2022,5,11,100.34,19.65,16.43,29.48,6.92,3.71
2022,5,12,100.26,19.96,4.09,30.2,6.91,5.57
2022,5,13,99.98,20.32,6.51,30.72,6.39,5.3
2022,5,14,100.02,20.57,7.81,31.15,6.86,6.26
2022,5,15,100.25,21.24,8.98,29.98,6.96,5.88
2022,5,16,100.17,20.69,2.23,30,6.61,5.85
2022,5,17,100.15,20.57,1.06,29.58,6.69,6.14
2022,5,18,100.26,21.12,1.49,29.79,6.82,6
2022,5,19,100.28,19.96,0.71,31.01,6.75,4.18
2022,5,20,100.1,20.02,1.85,31.3,6.82,6.4
2022,5,21,99.76,21.18,20.03,30.96,6.66,5.45
2022,5,22,99.74,20.02,1.61,30.01,6.62,3.26
2022,5,23,99.82,18.31,0.24,30.81,6.69,6.23
2022,5,24,100.18,17.82,0.63,31.34,6.85,6.18
2022,5,25,100.29,18.49,2.12,31.3,6.56,6.19
2022,5,26,100.18,17.82,1.56,31.8,6.48,5.71
2022,5,27,99.93,17.88,3.65,32.08,6.5,5.97
2022,5,28,99.85,18.55,1.56,32.65,6.48,6.27
2022,5,29,99.89,18.62,3.2,32.9,6.15,3.79
2022,5,30,99.96,19.78,2.02,31.15,6.17,5.19
2022,5,31,99.89,19.78,1.69,31.13,6.08,4.63
2022,6,1,99.96,20.51,2.8,30.41,6.37,3.53
2022,6,2,100,19.29,3.87,31.09,5.92,3.84
2022,6,3,99.97,20.81,7.52,30.19,6.42,3.7
2022,6,4,100.07,20.45,0.09,30.98,6.21,5.22
2022,6,5,100.11,19.84,0.06,31.23,6.14,5.23
2022,6,6,100.05,19.1,0.17,31.24,6.1,4.99
2022,6,7,99.97,20.2,0.72,31.74,6.36,5.59
2022,6,8,99.89,21.36,0.92,30.49,6.19,4.69
2022,6,9,99.88,21.61,8.5,31.21,5.97,4.15
2022,6,10,99.98,20.32,6.34,30.26,6.1,4.11
2022,6,11,99.98,20.57,2.67,30.28,6.17,2.94
2022,6,12,100.06,21.12,0.02,30.62,6.05,4.78
2022,6,13,100.17,20.51,0,31.62,6.59,5.61
2022,6,14,100.15,21.55,9.89,30.43,6.36,5.22
2022,6,15,100.2,21.06,3.95,30.05,6.79,3.33
2022,6,16,100.31,20.87,0.5,29.52,6.44,4.2
2022,6,17,100.34,20.87,7.64,29.11,6.82,3.96
2022,6,18,100.38,20.81,16.65,28.68,7.18,2.38
2022,6,19,100.27,20.32,10.38,28.71,6.91,4.34
2022,6,20,100.09,20.32,3.39,28.3,6.76,3.85
2022,6,21,99.96,20.32,3.05,28.45,6.73,5.01
2022,6,22,100.26,19.65,4.1,28.03,6.8,3.22
2022,6,23,100.31,18.98,4.62,28.94,7.06,4.82
2022,6,24,100.18,19.9,8.13,28.85,6.9,4.08
2022,6,25,100.01,19.84,4.41,29.33,7.05,4.31
2022,6,26,100.23,19.84,3.94,29.12,7.28,5.51
2022,6,27,100.35,20.02,1.05,29.51,7.3,5.96
2022,6,28,100.21,20.08,0.81,29.41,7.27,5.69
2022,6,29,100.04,20.81,2.83,29.39,7.12,4.64
2022,6,30,100,20.81,5.24,29.2,7.34,3.4
2022,7,1,99.91,21.48,4.44,29.2,6.77,3.66
2022,7,2,99.75,21.42,23.11,28.76,6.89,4.38
2022,7,3,99.81,21.3,13.93,28.53,7.06,3.86
2022,7,4,99.83,20.81,1.83,29.11,7.23,5.5
2022,7,5,99.84,20.57,2.04,29.29,7.46,5.34
2022,7,6,100.09,21.42,5.13,28.48,7.08,4.07
2022,7,7,100.28,20.26,4.35,28.81,7.29,5.81
2022,7,8,100.08,20.69,2.75,28.75,7.35,5.22
2022,7,9,99.91,20.2,3.22,28.84,7.29,5.65
2022,7,10,99.83,20.69,8.6,28.96,7.3,5.11
2022,7,11,99.86,20.63,8.3,28.79,7.4,5.01
2022,7,12,99.7,21.06,8.11,29.24,7.49,5.26
2022,7,13,99.51,21.48,8.89,29.33,7.3,4.99
2022,7,14,99.61,21,10.6,28.55,7.44,4.81
2022,7,15,99.86,20.81,8.3,29.16,7.49,5.44
2022,7,16,99.94,21.18,8.83,29.33,7.28,4.97
2022,7,17,100.11,21.36,9.12,29.31,7.32,5.38
2022,7,18,100.17,20.26,2.74,29.3,7.06,5.25
2022,7,19,100.06,20.75,4.11,29.16,7.08,5.18
2022,7,20,100.06,20.69,2.46,29.73,6.91,5
2022,7,21,100.1,21.12,3.88,29.73,7.02,4.15
2022,7,22,100.2,21.36,7.07,28.69,6.98,4.67
2022,7,23,100.19,20.81,11.66,28.62,7.18,3.36
2022,7,24,100.32,20.63,24.28,28.04,7.27,2.42
2022,7,25,100.58,20.14,16.4,27.89,7.09,3.63
2022,7,26,100.73,19.47,3.21,28.19,7.31,4.68
2022,7,27,100.64,19.84,1.52,28.42,7.32,5.42
2022,7,28,100.64,20.2,2.85,28.53,7.25,5.45
2022,7,29,100.51,20.81,3.66,29.15,7.2,5.74
2022,7,30,100.34,21.73,7.63,28.89,7.23,6.07
2022,7,31,100.13,22.16,3.47,28.62,7.06,4.23
2022,8,1,100.12,22.09,5.38,28.83,6.69,3.25
2022,8,2,100.09,21.67,3.28,29.55,6.53,3.57
2022,8,3,100.24,21.55,17.91,28.56,7.19,2.66
2022,8,4,100.23,20.75,3.63,28.98,7.29,4.88
2022,8,5,100.02,21.85,2.81,29.12,7,4.49
2022,8,6,99.84,21.36,8.37,28.78,7.01,4
2022,8,7,99.69,21.79,6.26,29.17,7.3,5.42
2022,8,8,99.56,21.18,13.99,28.39,7.18,3.79
2022,8,9,99.53,21.3,14.62,28.06,7.17,4.03
2022,8,10,99.48,21.67,29.03,27.8,6.89,2.87
2022,8,11,99.91,20.69,32.36,27.65,6.98,3.42
2022,8,12,99.97,20.51,5.16,28.68,7.1,5.12
2022,8,13,99.72,21.36,6.26,28.98,7.05,5.1
2022,8,14,99.72,21.36,30.42,27.74,7.05,1.72
2022,8,15,100.33,20.81,8.43,27.83,7.08,3.29
2022,8,16,100.46,20.75,1.62,28.85,6.82,5.99
2022,8,17,100.24,21.48,0.27,28.96,6.48,5.97
2022,8,18,99.91,21.97,11.45,28.55,6.58,4.76
2022,8,19,99.6,21.61,48.32,28.25,6.55,2.23
2022,8,20,99.8,20.94,12.59,27.59,6.74,2.94
2022,8,21,100,21.06,2.93,28.44,6.7,4.69
2022,8,22,100.04,21.12,1.19,28.93,6.85,5.72
2022,8,23,100.23,21,21.75,28.24,6.86,3.33
2022,8,24,100.34,20.81,25.44,28.05,6.65,3.25
2022,8,25,100.3,20.81,4.37,28.33,6.64,5.14
2022,8,26,100.22,20.45,0.09,28.13,6.48,5.52
2022,8,27,100.18,21.36,5.85,27.96,6.23,4.09
2022,8,28,100.38,21.12,3.27,27.98,6.21,4.06
2022,8,29,100.66,20.75,2.27,28.41,6.9,5.73
2022,8,30,100.73,20.69,0.35,28.66,7.02,6.37
2022,8,31,100.54,21.3,4.7,28.54,6.88,5.84
2022,9,1,100.6,21.24,1.99,28.05,6.74,5.22
2022,9,2,100.67,21.12,4.2,28.23,6.68,5.76
2022,9,3,100.4,21.61,5.33,28.73,6.45,4.77
2022,9,4,100.33,22.03,4.24,28.62,6.38,4.4
2022,9,5,100.37,21.55,4.58,28.56,6.38,4.3
2022,9,6,100.48,21.36,13.39,28.65,6.42,3.82
2022,9,7,100.61,21.3,3.06,28.19,6.57,5.46
2022,9,8,100.62,21.42,1.72,28.73,6.57,5.97
2022,9,9,100.59,21.18,3.59,27.92,6.39,4.49
2022,9,10,100.45,21.3,8.04,27.39,6.33,4.17
2022,9,11,100.27,21.48,36.49,27.21,6.43,2.67
2022,9,12,100.21,21.97,59.6,27.62,6.38,1.02
2022,9,13,100.46,21.79,17.37,27.65,6.38,1.44
2022,9,14,100.63,21.3,8.66,27.2,6.42,2.6
2022,9,15,100.5,21.06,9.98,27.66,6.34,2.74
2022,9,16,100.22,21.24,5.68,27.81,6.07,4.07
2022,9,17,100.23,21.12,8.72,27.64,6.11,2.6
2022,9,18,100.28,21,1.98,27.98,6.05,4.97
2022,9,19,100.27,21.24,5.38,27.94,6.21,4.04
2022,9,20,100.17,21.36,7.13,27.69,6.3,3.7
2022,9,21,100.36,20.94,5.6,27.87,6.17,4.46
2022,9,22,100.47,20.75,2.22,28,6.09,4.88
2022,9,23,100.49,20.81,3.81,27.89,5.99,4.7
2022,9,24,100.44,20.51,2.28,27.8,5.96,5
2022,9,25,100.54,20.26,0.25,27.48,5.86,4.61
2022,9,26,100.62,19.78,0.26,27.96,5.88,4.68
2022,9,27,100.51,19.59,8.29,27.83,5.93,4.82
2022,9,28,100.4,20.32,7.24,28.22,5.81,4.2
2022,9,29,100.39,20.57,3.95,28.41,5.73,5.09
2022,9,30,100.38,19.96,0.11,28.29,5.75,4.72
2022,10,1,100.29,20.51,8.48,28.3,5.14,4.12
2022,10,2,100.15,20.69,14.28,26.67,5.76,2.61
2022,10,3,100.35,20.57,19.89,27.26,5.97,2.7
2022,10,4,100.66,21.24,14.23,27.44,6.03,4.39
2022,10,5,100.84,20.75,15.85,27.51,6.05,4.24
2022,10,6,100.91,19.9,6.68,27.1,6.03,4.28
2022,10,7,100.92,19.65,1.23,27.04,6.01,5.05
2022,10,8,100.95,19.35,0.57,27.55,6.03,5.72
2022,10,9,101.07,19.96,2.87,26.82,5.98,5.34
2022,10,10,101.12,19.65,1.52,26.55,5.84,5.26
2022,10,11,100.95,20.08,6.4,26.8,5.9,4.63
2022,10,12,100.93,20.02,14.82,27.05,5.83,4.49
2022,10,13,100.94,19.29,12.25,26.71,5.93,5.02
2022,10,14,100.9,18.8,2.3,27.53,5.64,4.46
2022,10,15,100.88,19.35,0.59,27.19,5.6,5.47
2022,10,16,101.07,17.64,0.03,26.11,5.45,5.46
2022,10,17,101.1,17.46,0.43,26.19,5.6,5.52
2022,10,18,101.01,17.88,0.15,26.65,5.3,4.98
2022,10,19,101,17.64,1.49,25.82,4.72,3.61
2022,10,20,101.14,16.78,0.24,25.05,5.02,5
2022,10,21,101.25,16.11,0,24.55,5.28,5.04
2022,10,22,101.22,16.85,0,25.4,5.47,5.49
2022,10,23,101.02,17.27,3.34,24.72,5.38,2.95
2022,10,24,100.37,16.97,9.17,23.47,5.38,0.87
2022,10,25,100.77,16.54,1.35,25.15,5.53,5.1
2022,10,26,101.2,15.87,0.21,25.94,5.37,5.12
2022,10,27,101.18,15.01,0,25.44,4.84,4.42
2022,10,28,101.14,14.28,0,23.75,4.62,4.17
2022,10,29,101.14,13.18,0,23.02,5.01,4.9
2022,10,30,101.12,14.65,0.01,23.54,5.2,5.23
2022,10,31,101.17,14.89,0.04,24.12,5.13,5.09
2022,11,1,101.22,15.75,0,24.44,5.19,5.19
2022,11,2,101.1,15.2,0,24.37,5.03,5.05
2022,11,3,101.11,13.37,0,23.15,4.74,3.63
2022,11,4,101.27,12.82,0,23.39,4.49,4.47
2022,11,5,101.41,13.67,0,24.33,4.45,4.29
2022,11,6,101.41,13.55,0,23.98,4.5,4.46
2022,11,7,101.36,13.37,0.02,23.39,4.26,4.17
2022,11,8,101.35,13.79,0,23.25,4.13,3.85
2022,11,9,101.37,13.79,0,23.32,4.45,4.13
2022,11,10,101.36,13.61,0,23.44,4.52,4.26
2022,11,11,101.35,12.94,0,22.4,4.54,4.49
2022,11,12,101.32,13.12,0,22.01,4.13,4.05
2022,11,13,101.33,10.74,0.01,20.56,4.07,4.04
2022,11,14,101.34,9.95,0,19.78,4.29,4.15
2022,11,15,101.27,10.13,0,19.72,4.5,4.53
2022,11,16,101.17,10.74,0,19.73,4.46,4.49
2022,11,17,101.15,11.54,0,20.59,4.17,4.22
2022,11,18,101.3,11.29,0,19.79,3.79,3.72
2022,11,19,101.28,10.19,0,18.69,4.46,3.99
2022,11,20,101.13,11.23,0,19.93,4.6,3.93
2022,11,21,101.09,10.5,0,19.55,4.49,4.4
2022,11,22,101.15,10.25,0,19.05,4.19,4.23
2022,11,23,101.19,10.56,0,18.81,3.99,4.02
2022,11,24,101.21,9.46,0,18.33,3.94,3.98
2022,11,25,101.28,9.77,0.08,17.95,4.13,4.15
2022,11,26,101.12,10.01,0,18.43,4.26,4.27
2022,11,27,100.94,10.13,0,18.98,4.2,4.23
2022,11,28,101.02,11.17,0,19.62,4.1,4.14
2022,11,29,101.17,11.66,0,20.75,3.95,3.51
2022,11,30,101.26,11.84,0,20.94,4.06,4.02
2022,12,1,101.25,10.74,0,19.76,4.25,4.28
2022,12,2,101.23,9.34,0,18.29,4.05,4.1
2022,12,3,101.27,8.73,0,17.39,3.65,3.59
2022,12,4,101.32,9.28,0,17.65,3.83,3.87
2022,12,5,101.39,9.28,0,17.53,3.88,3.89
2022,12,6,101.29,9.34,0,17.23,3.85,3.88
2022,12,7,101.27,8.85,0,16.66,3.69,3.47
2022,12,8,101.28,8.67,0,16.62,3.73,3.17
2022,12,9,101.25,9.34,0,17.56,3.9,3.76
2022,12,10,101.24,9.46,0,18.52,4.07,3.21
2022,12,11,101.29,9.64,0,18.77,3.87,3.87
2022,12,12,101.24,9.52,0,19.23,3.55,3.54
2022,12,13,101.25,10.01,0,20.02,3.29,3.32
2022,12,14,101.29,9.64,0,19.48,3.52,3.58
2022,12,15,101.21,8.42,0,18.44,3.63,3.68
2022,12,16,101.21,7.75,0,17.26,4.2,4.24
2022,12,17,101.32,7.57,0,16.21,4.02,4.04
2022,12,18,101.29,8.48,0,16.26,3.14,2.95
2022,12,19,101.18,10.01,0,17.75,3.21,3.21
2022,12,20,101.17,9.28,0,17.72,2.97,3
2022,12,21,101.23,8.54,0,17.33,2.95,2.98
2022,12,22,101.21,8.54,0,17.15,2.95,2.81
2022,12,23,101.23,7.87,0,18.56,3.72,3.72
2022,12,24,101.26,8.54,0,19.54,3.81,3.86
2022,12,25,101.33,10.68,0,19.64,3.69,3.57
2022,12,26,101.47,11.6,0,21.06,3.97,3.68
2022,12,27,101.41,11.84,0.01,21.94,3.6,3.23
2022,12,28,101.53,10.01,0,19.82,2.76,2.4
2022,12,29,101.75,7.2,0,17.01,3.34,3.36
2022,12,30,101.77,6.9,0,17.01,3.32,3.32
2022,12,31,101.7,7.57,0,19.01,3.05,3.07
